{"url":"http:\/\/api.pgi.gov.br\/api\/1\/serie\/983.json","id":983,"nome":"pessoas beneficiadas no apoio","nome_estendido":"N\u00famero de benefici\u00e1rios do programa de apoio a cadeia produtiva da aquicultura familiar","descricao":"N\u00famero de benefici\u00e1rios do programa de apoio a cadeia produtiva da aquicultura familiar","inicio":"2003","final":"2013","formatacao":"0","data_atualizacao":"2014-06-13 18:58:59.744656","aditividade":"1","url_origem":"http:\/\/www.mpa.gov.br\/","tempo_aditividade":"1","portal_dados_abertos":false,"disponibilizacao":{"disponibilizacao":"365 dias","dias":365},"estado":{"estado":"Em uso"},"fonte_gestora":{"url":"http:\/\/api.pgi.gov.br\/api\/1\/fonte\/195.json","id":195,"nome":"MPA\/GABMIN","descricao":"Gabinete do Ministro","tipo":"1","orgao_primeiro_escalao":{"nome":"MPA","descricao":"Minist\u00e9rio da Pesca e Aquicultura"}},"fonte_provedora":{"url":"http:\/\/api.pgi.gov.br\/api\/1\/fonte\/195.json","id":195,"nome":"MPA\/GABMIN","descricao":"Gabinete do Ministro","tipo":"1","orgao_primeiro_escalao":{"nome":"MPA","descricao":"Minist\u00e9rio da Pesca e Aquicultura"}},"grupo_informacao":{"url":"http:\/\/api.pgi.gov.br\/api\/1\/grupo\/259.json","id":259,"nome":"Aquicultura familiar","palavras_chave":[]},"base_territorial":{"base_territorial":"Estadual"},"periodicidade":{"periodicidade":"Anual"},"multiplicador":{"id":1,"nome":""},"produto":{"nome":"Pessoas Beneficiadas"},"publicacao":{"status_publicacao":"Dados Publicados"},"unidade_medida":{"url":"http:\/\/api.pgi.gov.br\/api\/1\/unidade\/5.json","id":5,"nome":"Pessoa","unidade_medida":"Pessoa"},"orgao_primeiro_escalao":{"nome":"MPA","descricao":"Minist\u00e9rio da Pesca e Aquicultura"},"valores":[{"valor":75,"estado_ibge":22,"ano":2003},{"valor":75,"estado_ibge":35,"ano":2003},{"valor":225,"estado_ibge":42,"ano":2004},{"valor":410,"estado_ibge":27,"ano":2005},{"valor":75,"estado_ibge":35,"ano":2005},{"valor":75,"estado_ibge":41,"ano":2005},{"valor":1400,"estado_ibge":42,"ano":2005},{"valor":50,"estado_ibge":23,"ano":2006},{"valor":60,"estado_ibge":35,"ano":2006},{"valor":75,"estado_ibge":42,"ano":2006},{"valor":75,"estado_ibge":11,"ano":2008},{"valor":75,"estado_ibge":12,"ano":2008},{"valor":80,"estado_ibge":35,"ano":2008},{"valor":150,"estado_ibge":42,"ano":2008},{"valor":150,"estado_ibge":51,"ano":2008},{"valor":75,"estado_ibge":11,"ano":2009},{"valor":225,"estado_ibge":12,"ano":2009},{"valor":75,"estado_ibge":14,"ano":2009},{"valor":280,"estado_ibge":15,"ano":2009},{"valor":45,"estado_ibge":24,"ano":2009},{"valor":250,"estado_ibge":27,"ano":2009},{"valor":150,"estado_ibge":29,"ano":2009},{"valor":150,"estado_ibge":33,"ano":2009},{"valor":300,"estado_ibge":41,"ano":2009},{"valor":600,"estado_ibge":43,"ano":2009},{"valor":1050,"estado_ibge":11,"ano":2010},{"valor":100,"estado_ibge":12,"ano":2010},{"valor":75,"estado_ibge":17,"ano":2010},{"valor":75,"estado_ibge":24,"ano":2010},{"valor":225,"estado_ibge":41,"ano":2010},{"valor":6150,"estado_ibge":42,"ano":2009},{"valor":800,"estado_ibge":14,"ano":2010},{"valor":790,"estado_ibge":43,"ano":2010},{"valor":11904,"estado_ibge":42,"ano":2010},{"valor":80,"estado_ibge":53,"ano":2011},{"valor":720,"estado_ibge":11,"ano":2011},{"valor":1113,"estado_ibge":12,"ano":2012},{"valor":144,"estado_ibge":13,"ano":2012},{"valor":72,"estado_ibge":16,"ano":2012},{"valor":216,"estado_ibge":29,"ano":2012},{"valor":144,"estado_ibge":23,"ano":2012},{"valor":25,"estado_ibge":32,"ano":2012},{"valor":1224,"estado_ibge":21,"ano":2012},{"valor":157,"estado_ibge":31,"ano":2012},{"valor":2689,"estado_ibge":50,"ano":2012},{"valor":144,"estado_ibge":15,"ano":2012},{"valor":120,"estado_ibge":25,"ano":2012},{"valor":876,"estado_ibge":41,"ano":2012},{"valor":936,"estado_ibge":33,"ano":2012},{"valor":78,"estado_ibge":14,"ano":2012},{"valor":618,"estado_ibge":43,"ano":2012},{"valor":3531,"estado_ibge":42,"ano":2012},{"valor":216,"estado_ibge":28,"ano":2012},{"valor":936,"estado_ibge":35,"ano":2012},{"valor":72,"estado_ibge":17,"ano":2012},{"valor":573,"estado_ibge":12,"ano":2013},{"valor":114,"estado_ibge":13,"ano":2013},{"valor":26,"estado_ibge":16,"ano":2013},{"valor":24,"estado_ibge":29,"ano":2013},{"valor":63,"estado_ibge":23,"ano":2013},{"valor":611,"estado_ibge":21,"ano":2013},{"valor":55,"estado_ibge":31,"ano":2013},{"valor":484,"estado_ibge":50,"ano":2013},{"valor":53,"estado_ibge":15,"ano":2013},{"valor":10,"estado_ibge":25,"ano":2013},{"valor":585,"estado_ibge":41,"ano":2013},{"valor":450,"estado_ibge":33,"ano":2013},{"valor":318,"estado_ibge":11,"ano":2013},{"valor":736,"estado_ibge":43,"ano":2013},{"valor":1234,"estado_ibge":42,"ano":2013},{"valor":88,"estado_ibge":28,"ano":2013},{"valor":261,"estado_ibge":35,"ano":2013},{"valor":8,"estado_ibge":17,"ano":2013}]}