<?xml version="1.0" encoding="UTF-8"?>
<result>
  <url><![CDATA[http://api.pgi.gov.br/api/1/serie/983.json]]></url>
  <id>983</id>
  <nome><![CDATA[pessoas beneficiadas no apoio]]></nome>
  <nome_estendido><![CDATA[Número de beneficiários do programa de apoio a cadeia produtiva da aquicultura familiar]]></nome_estendido>
  <descricao><![CDATA[Número de beneficiários do programa de apoio a cadeia produtiva da aquicultura familiar]]></descricao>
  <inicio><![CDATA[2003]]></inicio>
  <final><![CDATA[2013]]></final>
  <formatacao><![CDATA[0]]></formatacao>
  <data_atualizacao><![CDATA[2014-06-13 18:58:59.744656]]></data_atualizacao>
  <aditividade><![CDATA[1]]></aditividade>
  <url_origem><![CDATA[http://www.mpa.gov.br/]]></url_origem>
  <tempo_aditividade><![CDATA[1]]></tempo_aditividade>
  <portal_dados_abertos>false</portal_dados_abertos>
  <disponibilizacao>
    <disponibilizacao><![CDATA[365 dias]]></disponibilizacao>
    <dias>365</dias>
  </disponibilizacao>
  <estado>
    <estado><![CDATA[Em uso]]></estado>
  </estado>
  <fonte_gestora>
    <url><![CDATA[http://api.pgi.gov.br/api/1/fonte/195.json]]></url>
    <id>195</id>
    <nome><![CDATA[MPA/GABMIN]]></nome>
    <descricao><![CDATA[Gabinete do Ministro]]></descricao>
    <tipo><![CDATA[1]]></tipo>
    <orgao_primeiro_escalao>
      <nome><![CDATA[MPA]]></nome>
      <descricao><![CDATA[Ministério da Pesca e Aquicultura]]></descricao>
    </orgao_primeiro_escalao>
  </fonte_gestora>
  <fonte_provedora>
    <url><![CDATA[http://api.pgi.gov.br/api/1/fonte/195.json]]></url>
    <id>195</id>
    <nome><![CDATA[MPA/GABMIN]]></nome>
    <descricao><![CDATA[Gabinete do Ministro]]></descricao>
    <tipo><![CDATA[1]]></tipo>
    <orgao_primeiro_escalao>
      <nome><![CDATA[MPA]]></nome>
      <descricao><![CDATA[Ministério da Pesca e Aquicultura]]></descricao>
    </orgao_primeiro_escalao>
  </fonte_provedora>
  <grupo_informacao>
    <url><![CDATA[http://api.pgi.gov.br/api/1/grupo/259.json]]></url>
    <id>259</id>
    <nome><![CDATA[Aquicultura familiar]]></nome>
  </grupo_informacao>
  <base_territorial>
    <base_territorial><![CDATA[Estadual]]></base_territorial>
  </base_territorial>
  <periodicidade>
    <periodicidade><![CDATA[Anual]]></periodicidade>
  </periodicidade>
  <multiplicador>
    <id>1</id>
    <nome><![CDATA[]]></nome>
  </multiplicador>
  <produto>
    <nome><![CDATA[Pessoas Beneficiadas]]></nome>
  </produto>
  <publicacao>
    <status_publicacao><![CDATA[Dados Publicados]]></status_publicacao>
  </publicacao>
  <unidade_medida>
    <url><![CDATA[http://api.pgi.gov.br/api/1/unidade/5.json]]></url>
    <id>5</id>
    <nome><![CDATA[Pessoa]]></nome>
    <unidade_medida><![CDATA[Pessoa]]></unidade_medida>
  </unidade_medida>
  <orgao_primeiro_escalao>
    <nome><![CDATA[MPA]]></nome>
    <descricao><![CDATA[Ministério da Pesca e Aquicultura]]></descricao>
  </orgao_primeiro_escalao>
  <valores>
    <entry>
      <valor>75</valor>
      <estado_ibge>22</estado_ibge>
      <ano>2003</ano>
    </entry>
    <entry>
      <valor>75</valor>
      <estado_ibge>35</estado_ibge>
      <ano>2003</ano>
    </entry>
    <entry>
      <valor>225</valor>
      <estado_ibge>42</estado_ibge>
      <ano>2004</ano>
    </entry>
    <entry>
      <valor>410</valor>
      <estado_ibge>27</estado_ibge>
      <ano>2005</ano>
    </entry>
    <entry>
      <valor>75</valor>
      <estado_ibge>35</estado_ibge>
      <ano>2005</ano>
    </entry>
    <entry>
      <valor>75</valor>
      <estado_ibge>41</estado_ibge>
      <ano>2005</ano>
    </entry>
    <entry>
      <valor>1400</valor>
      <estado_ibge>42</estado_ibge>
      <ano>2005</ano>
    </entry>
    <entry>
      <valor>50</valor>
      <estado_ibge>23</estado_ibge>
      <ano>2006</ano>
    </entry>
    <entry>
      <valor>60</valor>
      <estado_ibge>35</estado_ibge>
      <ano>2006</ano>
    </entry>
    <entry>
      <valor>75</valor>
      <estado_ibge>42</estado_ibge>
      <ano>2006</ano>
    </entry>
    <entry>
      <valor>75</valor>
      <estado_ibge>11</estado_ibge>
      <ano>2008</ano>
    </entry>
    <entry>
      <valor>75</valor>
      <estado_ibge>12</estado_ibge>
      <ano>2008</ano>
    </entry>
    <entry>
      <valor>80</valor>
      <estado_ibge>35</estado_ibge>
      <ano>2008</ano>
    </entry>
    <entry>
      <valor>150</valor>
      <estado_ibge>42</estado_ibge>
      <ano>2008</ano>
    </entry>
    <entry>
      <valor>150</valor>
      <estado_ibge>51</estado_ibge>
      <ano>2008</ano>
    </entry>
    <entry>
      <valor>75</valor>
      <estado_ibge>11</estado_ibge>
      <ano>2009</ano>
    </entry>
    <entry>
      <valor>225</valor>
      <estado_ibge>12</estado_ibge>
      <ano>2009</ano>
    </entry>
    <entry>
      <valor>75</valor>
      <estado_ibge>14</estado_ibge>
      <ano>2009</ano>
    </entry>
    <entry>
      <valor>280</valor>
      <estado_ibge>15</estado_ibge>
      <ano>2009</ano>
    </entry>
    <entry>
      <valor>45</valor>
      <estado_ibge>24</estado_ibge>
      <ano>2009</ano>
    </entry>
    <entry>
      <valor>250</valor>
      <estado_ibge>27</estado_ibge>
      <ano>2009</ano>
    </entry>
    <entry>
      <valor>150</valor>
      <estado_ibge>29</estado_ibge>
      <ano>2009</ano>
    </entry>
    <entry>
      <valor>150</valor>
      <estado_ibge>33</estado_ibge>
      <ano>2009</ano>
    </entry>
    <entry>
      <valor>300</valor>
      <estado_ibge>41</estado_ibge>
      <ano>2009</ano>
    </entry>
    <entry>
      <valor>600</valor>
      <estado_ibge>43</estado_ibge>
      <ano>2009</ano>
    </entry>
    <entry>
      <valor>1050</valor>
      <estado_ibge>11</estado_ibge>
      <ano>2010</ano>
    </entry>
    <entry>
      <valor>100</valor>
      <estado_ibge>12</estado_ibge>
      <ano>2010</ano>
    </entry>
    <entry>
      <valor>75</valor>
      <estado_ibge>17</estado_ibge>
      <ano>2010</ano>
    </entry>
    <entry>
      <valor>75</valor>
      <estado_ibge>24</estado_ibge>
      <ano>2010</ano>
    </entry>
    <entry>
      <valor>225</valor>
      <estado_ibge>41</estado_ibge>
      <ano>2010</ano>
    </entry>
    <entry>
      <valor>6150</valor>
      <estado_ibge>42</estado_ibge>
      <ano>2009</ano>
    </entry>
    <entry>
      <valor>800</valor>
      <estado_ibge>14</estado_ibge>
      <ano>2010</ano>
    </entry>
    <entry>
      <valor>790</valor>
      <estado_ibge>43</estado_ibge>
      <ano>2010</ano>
    </entry>
    <entry>
      <valor>11904</valor>
      <estado_ibge>42</estado_ibge>
      <ano>2010</ano>
    </entry>
    <entry>
      <valor>80</valor>
      <estado_ibge>53</estado_ibge>
      <ano>2011</ano>
    </entry>
    <entry>
      <valor>720</valor>
      <estado_ibge>11</estado_ibge>
      <ano>2011</ano>
    </entry>
    <entry>
      <valor>1113</valor>
      <estado_ibge>12</estado_ibge>
      <ano>2012</ano>
    </entry>
    <entry>
      <valor>144</valor>
      <estado_ibge>13</estado_ibge>
      <ano>2012</ano>
    </entry>
    <entry>
      <valor>72</valor>
      <estado_ibge>16</estado_ibge>
      <ano>2012</ano>
    </entry>
    <entry>
      <valor>216</valor>
      <estado_ibge>29</estado_ibge>
      <ano>2012</ano>
    </entry>
    <entry>
      <valor>144</valor>
      <estado_ibge>23</estado_ibge>
      <ano>2012</ano>
    </entry>
    <entry>
      <valor>25</valor>
      <estado_ibge>32</estado_ibge>
      <ano>2012</ano>
    </entry>
    <entry>
      <valor>1224</valor>
      <estado_ibge>21</estado_ibge>
      <ano>2012</ano>
    </entry>
    <entry>
      <valor>157</valor>
      <estado_ibge>31</estado_ibge>
      <ano>2012</ano>
    </entry>
    <entry>
      <valor>2689</valor>
      <estado_ibge>50</estado_ibge>
      <ano>2012</ano>
    </entry>
    <entry>
      <valor>144</valor>
      <estado_ibge>15</estado_ibge>
      <ano>2012</ano>
    </entry>
    <entry>
      <valor>120</valor>
      <estado_ibge>25</estado_ibge>
      <ano>2012</ano>
    </entry>
    <entry>
      <valor>876</valor>
      <estado_ibge>41</estado_ibge>
      <ano>2012</ano>
    </entry>
    <entry>
      <valor>936</valor>
      <estado_ibge>33</estado_ibge>
      <ano>2012</ano>
    </entry>
    <entry>
      <valor>78</valor>
      <estado_ibge>14</estado_ibge>
      <ano>2012</ano>
    </entry>
    <entry>
      <valor>618</valor>
      <estado_ibge>43</estado_ibge>
      <ano>2012</ano>
    </entry>
    <entry>
      <valor>3531</valor>
      <estado_ibge>42</estado_ibge>
      <ano>2012</ano>
    </entry>
    <entry>
      <valor>216</valor>
      <estado_ibge>28</estado_ibge>
      <ano>2012</ano>
    </entry>
    <entry>
      <valor>936</valor>
      <estado_ibge>35</estado_ibge>
      <ano>2012</ano>
    </entry>
    <entry>
      <valor>72</valor>
      <estado_ibge>17</estado_ibge>
      <ano>2012</ano>
    </entry>
    <entry>
      <valor>573</valor>
      <estado_ibge>12</estado_ibge>
      <ano>2013</ano>
    </entry>
    <entry>
      <valor>114</valor>
      <estado_ibge>13</estado_ibge>
      <ano>2013</ano>
    </entry>
    <entry>
      <valor>26</valor>
      <estado_ibge>16</estado_ibge>
      <ano>2013</ano>
    </entry>
    <entry>
      <valor>24</valor>
      <estado_ibge>29</estado_ibge>
      <ano>2013</ano>
    </entry>
    <entry>
      <valor>63</valor>
      <estado_ibge>23</estado_ibge>
      <ano>2013</ano>
    </entry>
    <entry>
      <valor>611</valor>
      <estado_ibge>21</estado_ibge>
      <ano>2013</ano>
    </entry>
    <entry>
      <valor>55</valor>
      <estado_ibge>31</estado_ibge>
      <ano>2013</ano>
    </entry>
    <entry>
      <valor>484</valor>
      <estado_ibge>50</estado_ibge>
      <ano>2013</ano>
    </entry>
    <entry>
      <valor>53</valor>
      <estado_ibge>15</estado_ibge>
      <ano>2013</ano>
    </entry>
    <entry>
      <valor>10</valor>
      <estado_ibge>25</estado_ibge>
      <ano>2013</ano>
    </entry>
    <entry>
      <valor>585</valor>
      <estado_ibge>41</estado_ibge>
      <ano>2013</ano>
    </entry>
    <entry>
      <valor>450</valor>
      <estado_ibge>33</estado_ibge>
      <ano>2013</ano>
    </entry>
    <entry>
      <valor>318</valor>
      <estado_ibge>11</estado_ibge>
      <ano>2013</ano>
    </entry>
    <entry>
      <valor>736</valor>
      <estado_ibge>43</estado_ibge>
      <ano>2013</ano>
    </entry>
    <entry>
      <valor>1234</valor>
      <estado_ibge>42</estado_ibge>
      <ano>2013</ano>
    </entry>
    <entry>
      <valor>88</valor>
      <estado_ibge>28</estado_ibge>
      <ano>2013</ano>
    </entry>
    <entry>
      <valor>261</valor>
      <estado_ibge>35</estado_ibge>
      <ano>2013</ano>
    </entry>
    <entry>
      <valor>8</valor>
      <estado_ibge>17</estado_ibge>
      <ano>2013</ano>
    </entry>
  </valores>
</result>
