{"url":"http:\/\/api.pgi.gov.br\/api\/1\/serie\/984.json","id":984,"nome":"Valor autorizado no apoio","nome_estendido":"Valor autorizado para repasse pelo programa de apoio a cadeia produtiva da aquicultura familiar","descricao":"Valor autorizado para repasse pelo programa de apoio a cadeia produtiva da aquicultura familiar","inicio":"2003","final":"2013","formatacao":"2","data_atualizacao":"2014-06-13 18:59:07.716854","aditividade":"1","url_origem":"http:\/\/www.mpa.gov.br\/","tempo_aditividade":"1","portal_dados_abertos":false,"disponibilizacao":{"disponibilizacao":"365 dias","dias":365},"estado":{"estado":"Em uso"},"fonte_gestora":{"url":"http:\/\/api.pgi.gov.br\/api\/1\/fonte\/195.json","id":195,"nome":"MPA\/GABMIN","descricao":"Gabinete do Ministro","tipo":"1","orgao_primeiro_escalao":{"nome":"MPA","descricao":"Minist\u00e9rio da Pesca e Aquicultura"}},"fonte_provedora":{"url":"http:\/\/api.pgi.gov.br\/api\/1\/fonte\/195.json","id":195,"nome":"MPA\/GABMIN","descricao":"Gabinete do Ministro","tipo":"1","orgao_primeiro_escalao":{"nome":"MPA","descricao":"Minist\u00e9rio da Pesca e Aquicultura"}},"grupo_informacao":{"url":"http:\/\/api.pgi.gov.br\/api\/1\/grupo\/259.json","id":259,"nome":"Aquicultura familiar","palavras_chave":[]},"base_territorial":{"base_territorial":"Estadual"},"periodicidade":{"periodicidade":"Anual"},"multiplicador":{"id":1,"nome":""},"produto":{"nome":"Valor aprovado","descricao":""},"publicacao":{"status_publicacao":"Dados Publicados"},"unidade_medida":{"url":"http:\/\/api.pgi.gov.br\/api\/1\/unidade\/3.json","id":3,"nome":"Real (R$)","unidade_medida":"R$"},"orgao_primeiro_escalao":{"nome":"MPA","descricao":"Minist\u00e9rio da Pesca e Aquicultura"},"valores":[{"valor":198000,"estado_ibge":22,"ano":2003},{"valor":600000,"estado_ibge":35,"ano":2003},{"valor":1359419.39,"estado_ibge":42,"ano":2004},{"valor":1292176,"estado_ibge":27,"ano":2005},{"valor":600000,"estado_ibge":35,"ano":2005},{"valor":343243,"estado_ibge":41,"ano":2005},{"valor":150000,"estado_ibge":42,"ano":2005},{"valor":235274.4,"estado_ibge":23,"ano":2006},{"valor":135520,"estado_ibge":42,"ano":2006},{"valor":220000,"estado_ibge":11,"ano":2008},{"valor":712956,"estado_ibge":12,"ano":2008},{"valor":650071.65,"estado_ibge":35,"ano":2008},{"valor":510520,"estado_ibge":42,"ano":2008},{"valor":527694.53,"estado_ibge":51,"ano":2008},{"valor":583100,"estado_ibge":11,"ano":2009},{"valor":1549240.58,"estado_ibge":12,"ano":2009},{"valor":700000,"estado_ibge":14,"ano":2009},{"valor":499991.75,"estado_ibge":15,"ano":2009},{"valor":100000.02,"estado_ibge":24,"ano":2009},{"valor":269682,"estado_ibge":27,"ano":2009},{"valor":809959,"estado_ibge":29,"ano":2009},{"valor":487263.26,"estado_ibge":33,"ano":2009},{"valor":612000,"estado_ibge":41,"ano":2009},{"valor":14090805,"estado_ibge":42,"ano":2009},{"valor":2040775,"estado_ibge":43,"ano":2009},{"valor":2743100,"estado_ibge":11,"ano":2010},{"valor":2250000,"estado_ibge":12,"ano":2010},{"valor":1192975,"estado_ibge":14,"ano":2010},{"valor":153000,"estado_ibge":17,"ano":2010},{"valor":468000,"estado_ibge":24,"ano":2010},{"valor":648000,"estado_ibge":41,"ano":2010},{"valor":2744540,"estado_ibge":43,"ano":2010},{"valor":26998250,"estado_ibge":42,"ano":2010},{"valor":869961.5,"estado_ibge":53,"ano":2011},{"valor":2434580,"estado_ibge":11,"ano":2011},{"valor":6065890.58,"estado_ibge":12,"ano":2012},{"valor":320000,"estado_ibge":13,"ano":2012},{"valor":243458,"estado_ibge":16,"ano":2012},{"valor":480000,"estado_ibge":29,"ano":2012},{"valor":486916,"estado_ibge":23,"ano":2012},{"valor":430106,"estado_ibge":32,"ano":2012},{"valor":3971870,"estado_ibge":21,"ano":2012},{"valor":443458,"estado_ibge":31,"ano":2012},{"valor":4064954,"estado_ibge":50,"ano":2012},{"valor":320000,"estado_ibge":15,"ano":2012},{"valor":519199.12,"estado_ibge":25,"ano":2012},{"valor":3064206,"estado_ibge":41,"ano":2012},{"valor":3164954,"estado_ibge":33,"ano":2012},{"valor":1467000,"estado_ibge":14,"ano":2012},{"valor":1567872,"estado_ibge":43,"ano":2012},{"valor":10536843,"estado_ibge":42,"ano":2012},{"valor":563458,"estado_ibge":28,"ano":2012},{"valor":2831122,"estado_ibge":35,"ano":2012},{"valor":243458,"estado_ibge":17,"ano":2012},{"valor":7292397.7,"estado_ibge":12,"ano":2013},{"valor":519199.12,"estado_ibge":25,"ano":2013}]}