<?xml version="1.0" encoding="UTF-8"?>
<result>
  <url><![CDATA[http://api.pgi.gov.br/api/1/serie/984.json]]></url>
  <id>984</id>
  <nome><![CDATA[Valor autorizado no apoio]]></nome>
  <nome_estendido><![CDATA[Valor autorizado para repasse pelo programa de apoio a cadeia produtiva da aquicultura familiar]]></nome_estendido>
  <descricao><![CDATA[Valor autorizado para repasse pelo programa de apoio a cadeia produtiva da aquicultura familiar]]></descricao>
  <inicio><![CDATA[2003]]></inicio>
  <final><![CDATA[2013]]></final>
  <formatacao><![CDATA[2]]></formatacao>
  <data_atualizacao><![CDATA[2014-06-13 18:59:07.716854]]></data_atualizacao>
  <aditividade><![CDATA[1]]></aditividade>
  <url_origem><![CDATA[http://www.mpa.gov.br/]]></url_origem>
  <tempo_aditividade><![CDATA[1]]></tempo_aditividade>
  <portal_dados_abertos>false</portal_dados_abertos>
  <disponibilizacao>
    <disponibilizacao><![CDATA[365 dias]]></disponibilizacao>
    <dias>365</dias>
  </disponibilizacao>
  <estado>
    <estado><![CDATA[Em uso]]></estado>
  </estado>
  <fonte_gestora>
    <url><![CDATA[http://api.pgi.gov.br/api/1/fonte/195.json]]></url>
    <id>195</id>
    <nome><![CDATA[MPA/GABMIN]]></nome>
    <descricao><![CDATA[Gabinete do Ministro]]></descricao>
    <tipo><![CDATA[1]]></tipo>
    <orgao_primeiro_escalao>
      <nome><![CDATA[MPA]]></nome>
      <descricao><![CDATA[Ministério da Pesca e Aquicultura]]></descricao>
    </orgao_primeiro_escalao>
  </fonte_gestora>
  <fonte_provedora>
    <url><![CDATA[http://api.pgi.gov.br/api/1/fonte/195.json]]></url>
    <id>195</id>
    <nome><![CDATA[MPA/GABMIN]]></nome>
    <descricao><![CDATA[Gabinete do Ministro]]></descricao>
    <tipo><![CDATA[1]]></tipo>
    <orgao_primeiro_escalao>
      <nome><![CDATA[MPA]]></nome>
      <descricao><![CDATA[Ministério da Pesca e Aquicultura]]></descricao>
    </orgao_primeiro_escalao>
  </fonte_provedora>
  <grupo_informacao>
    <url><![CDATA[http://api.pgi.gov.br/api/1/grupo/259.json]]></url>
    <id>259</id>
    <nome><![CDATA[Aquicultura familiar]]></nome>
  </grupo_informacao>
  <base_territorial>
    <base_territorial><![CDATA[Estadual]]></base_territorial>
  </base_territorial>
  <periodicidade>
    <periodicidade><![CDATA[Anual]]></periodicidade>
  </periodicidade>
  <multiplicador>
    <id>1</id>
    <nome><![CDATA[]]></nome>
  </multiplicador>
  <produto>
    <nome><![CDATA[Valor aprovado]]></nome>
    <descricao><![CDATA[]]></descricao>
  </produto>
  <publicacao>
    <status_publicacao><![CDATA[Dados Publicados]]></status_publicacao>
  </publicacao>
  <unidade_medida>
    <url><![CDATA[http://api.pgi.gov.br/api/1/unidade/3.json]]></url>
    <id>3</id>
    <nome><![CDATA[Real (R$)]]></nome>
    <unidade_medida><![CDATA[R$]]></unidade_medida>
  </unidade_medida>
  <orgao_primeiro_escalao>
    <nome><![CDATA[MPA]]></nome>
    <descricao><![CDATA[Ministério da Pesca e Aquicultura]]></descricao>
  </orgao_primeiro_escalao>
  <valores>
    <entry>
      <valor>198000</valor>
      <estado_ibge>22</estado_ibge>
      <ano>2003</ano>
    </entry>
    <entry>
      <valor>600000</valor>
      <estado_ibge>35</estado_ibge>
      <ano>2003</ano>
    </entry>
    <entry>
      <valor>1359419.39</valor>
      <estado_ibge>42</estado_ibge>
      <ano>2004</ano>
    </entry>
    <entry>
      <valor>1292176</valor>
      <estado_ibge>27</estado_ibge>
      <ano>2005</ano>
    </entry>
    <entry>
      <valor>600000</valor>
      <estado_ibge>35</estado_ibge>
      <ano>2005</ano>
    </entry>
    <entry>
      <valor>343243</valor>
      <estado_ibge>41</estado_ibge>
      <ano>2005</ano>
    </entry>
    <entry>
      <valor>150000</valor>
      <estado_ibge>42</estado_ibge>
      <ano>2005</ano>
    </entry>
    <entry>
      <valor>235274.4</valor>
      <estado_ibge>23</estado_ibge>
      <ano>2006</ano>
    </entry>
    <entry>
      <valor>135520</valor>
      <estado_ibge>42</estado_ibge>
      <ano>2006</ano>
    </entry>
    <entry>
      <valor>220000</valor>
      <estado_ibge>11</estado_ibge>
      <ano>2008</ano>
    </entry>
    <entry>
      <valor>712956</valor>
      <estado_ibge>12</estado_ibge>
      <ano>2008</ano>
    </entry>
    <entry>
      <valor>650071.65</valor>
      <estado_ibge>35</estado_ibge>
      <ano>2008</ano>
    </entry>
    <entry>
      <valor>510520</valor>
      <estado_ibge>42</estado_ibge>
      <ano>2008</ano>
    </entry>
    <entry>
      <valor>527694.53</valor>
      <estado_ibge>51</estado_ibge>
      <ano>2008</ano>
    </entry>
    <entry>
      <valor>583100</valor>
      <estado_ibge>11</estado_ibge>
      <ano>2009</ano>
    </entry>
    <entry>
      <valor>1549240.58</valor>
      <estado_ibge>12</estado_ibge>
      <ano>2009</ano>
    </entry>
    <entry>
      <valor>700000</valor>
      <estado_ibge>14</estado_ibge>
      <ano>2009</ano>
    </entry>
    <entry>
      <valor>499991.75</valor>
      <estado_ibge>15</estado_ibge>
      <ano>2009</ano>
    </entry>
    <entry>
      <valor>100000.02</valor>
      <estado_ibge>24</estado_ibge>
      <ano>2009</ano>
    </entry>
    <entry>
      <valor>269682</valor>
      <estado_ibge>27</estado_ibge>
      <ano>2009</ano>
    </entry>
    <entry>
      <valor>809959</valor>
      <estado_ibge>29</estado_ibge>
      <ano>2009</ano>
    </entry>
    <entry>
      <valor>487263.26</valor>
      <estado_ibge>33</estado_ibge>
      <ano>2009</ano>
    </entry>
    <entry>
      <valor>612000</valor>
      <estado_ibge>41</estado_ibge>
      <ano>2009</ano>
    </entry>
    <entry>
      <valor>14090805</valor>
      <estado_ibge>42</estado_ibge>
      <ano>2009</ano>
    </entry>
    <entry>
      <valor>2040775</valor>
      <estado_ibge>43</estado_ibge>
      <ano>2009</ano>
    </entry>
    <entry>
      <valor>2743100</valor>
      <estado_ibge>11</estado_ibge>
      <ano>2010</ano>
    </entry>
    <entry>
      <valor>2250000</valor>
      <estado_ibge>12</estado_ibge>
      <ano>2010</ano>
    </entry>
    <entry>
      <valor>1192975</valor>
      <estado_ibge>14</estado_ibge>
      <ano>2010</ano>
    </entry>
    <entry>
      <valor>153000</valor>
      <estado_ibge>17</estado_ibge>
      <ano>2010</ano>
    </entry>
    <entry>
      <valor>468000</valor>
      <estado_ibge>24</estado_ibge>
      <ano>2010</ano>
    </entry>
    <entry>
      <valor>648000</valor>
      <estado_ibge>41</estado_ibge>
      <ano>2010</ano>
    </entry>
    <entry>
      <valor>2744540</valor>
      <estado_ibge>43</estado_ibge>
      <ano>2010</ano>
    </entry>
    <entry>
      <valor>26998250</valor>
      <estado_ibge>42</estado_ibge>
      <ano>2010</ano>
    </entry>
    <entry>
      <valor>869961.5</valor>
      <estado_ibge>53</estado_ibge>
      <ano>2011</ano>
    </entry>
    <entry>
      <valor>2434580</valor>
      <estado_ibge>11</estado_ibge>
      <ano>2011</ano>
    </entry>
    <entry>
      <valor>6065890.58</valor>
      <estado_ibge>12</estado_ibge>
      <ano>2012</ano>
    </entry>
    <entry>
      <valor>320000</valor>
      <estado_ibge>13</estado_ibge>
      <ano>2012</ano>
    </entry>
    <entry>
      <valor>243458</valor>
      <estado_ibge>16</estado_ibge>
      <ano>2012</ano>
    </entry>
    <entry>
      <valor>480000</valor>
      <estado_ibge>29</estado_ibge>
      <ano>2012</ano>
    </entry>
    <entry>
      <valor>486916</valor>
      <estado_ibge>23</estado_ibge>
      <ano>2012</ano>
    </entry>
    <entry>
      <valor>430106</valor>
      <estado_ibge>32</estado_ibge>
      <ano>2012</ano>
    </entry>
    <entry>
      <valor>3971870</valor>
      <estado_ibge>21</estado_ibge>
      <ano>2012</ano>
    </entry>
    <entry>
      <valor>443458</valor>
      <estado_ibge>31</estado_ibge>
      <ano>2012</ano>
    </entry>
    <entry>
      <valor>4064954</valor>
      <estado_ibge>50</estado_ibge>
      <ano>2012</ano>
    </entry>
    <entry>
      <valor>320000</valor>
      <estado_ibge>15</estado_ibge>
      <ano>2012</ano>
    </entry>
    <entry>
      <valor>519199.12</valor>
      <estado_ibge>25</estado_ibge>
      <ano>2012</ano>
    </entry>
    <entry>
      <valor>3064206</valor>
      <estado_ibge>41</estado_ibge>
      <ano>2012</ano>
    </entry>
    <entry>
      <valor>3164954</valor>
      <estado_ibge>33</estado_ibge>
      <ano>2012</ano>
    </entry>
    <entry>
      <valor>1467000</valor>
      <estado_ibge>14</estado_ibge>
      <ano>2012</ano>
    </entry>
    <entry>
      <valor>1567872</valor>
      <estado_ibge>43</estado_ibge>
      <ano>2012</ano>
    </entry>
    <entry>
      <valor>10536843</valor>
      <estado_ibge>42</estado_ibge>
      <ano>2012</ano>
    </entry>
    <entry>
      <valor>563458</valor>
      <estado_ibge>28</estado_ibge>
      <ano>2012</ano>
    </entry>
    <entry>
      <valor>2831122</valor>
      <estado_ibge>35</estado_ibge>
      <ano>2012</ano>
    </entry>
    <entry>
      <valor>243458</valor>
      <estado_ibge>17</estado_ibge>
      <ano>2012</ano>
    </entry>
    <entry>
      <valor>7292397.7</valor>
      <estado_ibge>12</estado_ibge>
      <ano>2013</ano>
    </entry>
    <entry>
      <valor>519199.12</valor>
      <estado_ibge>25</estado_ibge>
      <ano>2013</ano>
    </entry>
  </valores>
</result>
