{"url":"http:\/\/api.pgi.gov.br\/api\/1\/serie\/985.json","id":985,"nome":"N\u00famero de benefic.no Apoio","nome_estendido":"N\u00famero de benefici\u00e1rios no Apoio a Unidade de Ensino em Aquicultura","descricao":"N\u00famero de benefici\u00e1rios no Apoio a Unidade de Ensino em Aquicultura","inicio":"2004","final":"2013","formatacao":"0","data_atualizacao":"2014-06-13 18:58:33.876279","aditividade":"1","url_origem":"http:\/\/www.mpa.gov.br\/","tempo_aditividade":"1","portal_dados_abertos":false,"disponibilizacao":{"disponibilizacao":"365 dias","dias":365},"estado":{"estado":"Em uso"},"fonte_gestora":{"url":"http:\/\/api.pgi.gov.br\/api\/1\/fonte\/195.json","id":195,"nome":"MPA\/GABMIN","descricao":"Gabinete do Ministro","tipo":"1","orgao_primeiro_escalao":{"nome":"MPA","descricao":"Minist\u00e9rio da Pesca e Aquicultura"}},"fonte_provedora":{"url":"http:\/\/api.pgi.gov.br\/api\/1\/fonte\/195.json","id":195,"nome":"MPA\/GABMIN","descricao":"Gabinete do Ministro","tipo":"1","orgao_primeiro_escalao":{"nome":"MPA","descricao":"Minist\u00e9rio da Pesca e Aquicultura"}},"grupo_informacao":{"url":"http:\/\/api.pgi.gov.br\/api\/1\/grupo\/260.json","id":260,"nome":"Apoio a Unidade de Ensino em Aquicultura","palavras_chave":[]},"base_territorial":{"base_territorial":"Estadual"},"periodicidade":{"periodicidade":"Anual"},"multiplicador":{"id":1,"nome":""},"produto":{"nome":"Pessoas Beneficiadas"},"publicacao":{"status_publicacao":"Dados Publicados"},"unidade_medida":{"url":"http:\/\/api.pgi.gov.br\/api\/1\/unidade\/5.json","id":5,"nome":"Pessoa","unidade_medida":"Pessoa"},"orgao_primeiro_escalao":{"nome":"MPA","descricao":"Minist\u00e9rio da Pesca e Aquicultura"},"valores":[{"valor":90,"estado_ibge":41,"ano":2004},{"valor":90,"estado_ibge":50,"ano":2004},{"valor":90,"estado_ibge":11,"ano":2005},{"valor":90,"estado_ibge":31,"ano":2005},{"valor":50,"estado_ibge":43,"ano":2005},{"valor":90,"estado_ibge":23,"ano":2006},{"valor":90,"estado_ibge":42,"ano":2006},{"valor":90,"estado_ibge":23,"ano":2007},{"valor":90,"estado_ibge":52,"ano":2007},{"valor":90,"estado_ibge":13,"ano":2008},{"valor":90,"estado_ibge":23,"ano":2008},{"valor":90,"estado_ibge":31,"ano":2008},{"valor":90,"estado_ibge":42,"ano":2008},{"valor":90,"estado_ibge":52,"ano":2008},{"valor":90,"estado_ibge":15,"ano":2009},{"valor":200,"estado_ibge":27,"ano":2010},{"valor":800,"estado_ibge":13,"ano":2010},{"valor":400,"estado_ibge":29,"ano":2010},{"valor":1800,"estado_ibge":23,"ano":2010},{"valor":400,"estado_ibge":32,"ano":2010},{"valor":200,"estado_ibge":21,"ano":2010},{"valor":3200,"estado_ibge":31,"ano":2010},{"valor":200,"estado_ibge":50,"ano":2010},{"valor":200,"estado_ibge":51,"ano":2010},{"valor":800,"estado_ibge":15,"ano":2010},{"valor":2000,"estado_ibge":26,"ano":2010},{"valor":2400,"estado_ibge":41,"ano":2010},{"valor":1000,"estado_ibge":33,"ano":2010},{"valor":1000,"estado_ibge":24,"ano":2010},{"valor":2800,"estado_ibge":43,"ano":2010},{"valor":2600,"estado_ibge":42,"ano":2010},{"valor":200,"estado_ibge":28,"ano":2010},{"valor":3400,"estado_ibge":35,"ano":2010},{"valor":400,"estado_ibge":33,"ano":2011},{"valor":400,"estado_ibge":24,"ano":2011},{"valor":200,"estado_ibge":43,"ano":2011},{"valor":400,"estado_ibge":42,"ano":2011},{"valor":400,"estado_ibge":17,"ano":2011},{"valor":200,"estado_ibge":27,"ano":2012},{"valor":800,"estado_ibge":13,"ano":2012},{"valor":1800,"estado_ibge":23,"ano":2012},{"valor":200,"estado_ibge":32,"ano":2012},{"valor":1000,"estado_ibge":31,"ano":2012},{"valor":200,"estado_ibge":50,"ano":2012},{"valor":200,"estado_ibge":51,"ano":2012},{"valor":400,"estado_ibge":15,"ano":2012},{"valor":200,"estado_ibge":25,"ano":2012},{"valor":1200,"estado_ibge":26,"ano":2012},{"valor":200,"estado_ibge":22,"ano":2012},{"valor":1600,"estado_ibge":41,"ano":2012},{"valor":800,"estado_ibge":33,"ano":2012},{"valor":1000,"estado_ibge":24,"ano":2012},{"valor":200,"estado_ibge":11,"ano":2012},{"valor":1200,"estado_ibge":43,"ano":2012},{"valor":2600,"estado_ibge":42,"ano":2012},{"valor":400,"estado_ibge":28,"ano":2012},{"valor":1800,"estado_ibge":35,"ano":2012},{"valor":400,"estado_ibge":17,"ano":2012},{"valor":400,"estado_ibge":13,"ano":2013},{"valor":200,"estado_ibge":16,"ano":2013},{"valor":200,"estado_ibge":29,"ano":2013},{"valor":200,"estado_ibge":23,"ano":2013},{"valor":200,"estado_ibge":53,"ano":2013},{"valor":200,"estado_ibge":32,"ano":2013},{"valor":200,"estado_ibge":31,"ano":2013},{"valor":200,"estado_ibge":50,"ano":2013},{"valor":200,"estado_ibge":15,"ano":2013},{"valor":200,"estado_ibge":26,"ano":2013},{"valor":200,"estado_ibge":41,"ano":2013},{"valor":200,"estado_ibge":11,"ano":2013},{"valor":1000,"estado_ibge":42,"ano":2013},{"valor":200,"estado_ibge":35,"ano":2013},{"valor":400,"estado_ibge":17,"ano":2013}]}