{"url":"http:\/\/api.pgi.gov.br\/api\/1\/serie\/1166.json","id":1166,"nome":"pescadores registrados RGP","nome_estendido":"N\u00famero de pescadores registrados no Registro Geral da Pesca","descricao":"N\u00famero de pescadores registrados no Registro Geral da Pesca - RGP. Os dados s\u00e3o acumulados.","inicio":"2003","final":"2010","formatacao":"0","data_atualizacao":"2014-06-13 19:04:29.32468","aditividade":"1","url_origem":"http:\/\/www.mpa.gov.br\/","tempo_aditividade":"0","portal_dados_abertos":false,"disponibilizacao":{"disponibilizacao":"365 dias","dias":365},"estado":{"estado":"Em uso"},"fonte_gestora":{"url":"http:\/\/api.pgi.gov.br\/api\/1\/fonte\/195.json","id":195,"nome":"MPA\/GABMIN","descricao":"Gabinete do Ministro","tipo":"1","orgao_primeiro_escalao":{"nome":"MPA","descricao":"Minist\u00e9rio da Pesca e Aquicultura"}},"fonte_provedora":{"url":"http:\/\/api.pgi.gov.br\/api\/1\/fonte\/195.json","id":195,"nome":"MPA\/GABMIN","descricao":"Gabinete do Ministro","tipo":"1","orgao_primeiro_escalao":{"nome":"MPA","descricao":"Minist\u00e9rio da Pesca e Aquicultura"}},"grupo_informacao":{"url":"http:\/\/api.pgi.gov.br\/api\/1\/grupo\/295.json","id":295,"nome":"Regime Geral da Pesca","palavras_chave":[]},"base_territorial":{"base_territorial":"Estadual"},"periodicidade":{"periodicidade":"Anual"},"multiplicador":{"id":1,"nome":""},"produto":{"nome":"Quantidade","descricao":""},"publicacao":{"status_publicacao":"Dados Publicados"},"unidade_medida":{"url":"http:\/\/api.pgi.gov.br\/api\/1\/unidade\/5.json","id":5,"nome":"Pessoa","unidade_medida":"Pessoa"},"orgao_primeiro_escalao":{"nome":"MPA","descricao":"Minist\u00e9rio da Pesca e Aquicultura"},"valores":[{"valor":456,"estado_ibge":11,"ano":2003},{"valor":128,"estado_ibge":12,"ano":2003},{"valor":6881,"estado_ibge":13,"ano":2003},{"valor":375,"estado_ibge":14,"ano":2003},{"valor":11838,"estado_ibge":15,"ano":2003},{"valor":755,"estado_ibge":16,"ano":2003},{"valor":182,"estado_ibge":17,"ano":2003},{"valor":6681,"estado_ibge":21,"ano":2003},{"valor":975,"estado_ibge":22,"ano":2003},{"valor":4125,"estado_ibge":23,"ano":2003},{"valor":4532,"estado_ibge":24,"ano":2003},{"valor":2353,"estado_ibge":25,"ano":2003},{"valor":1068,"estado_ibge":26,"ano":2003},{"valor":2633,"estado_ibge":27,"ano":2003},{"valor":3598,"estado_ibge":28,"ano":2003},{"valor":6233,"estado_ibge":29,"ano":2003},{"valor":0,"estado_ibge":31,"ano":2003},{"valor":1948,"estado_ibge":32,"ano":2003},{"valor":3571,"estado_ibge":33,"ano":2003},{"valor":8531,"estado_ibge":35,"ano":2003},{"valor":1287,"estado_ibge":41,"ano":2003},{"valor":7934,"estado_ibge":42,"ano":2003},{"valor":7252,"estado_ibge":43,"ano":2003},{"valor":1083,"estado_ibge":50,"ano":2003},{"valor":0,"estado_ibge":51,"ano":2003},{"valor":49,"estado_ibge":52,"ano":2003},{"valor":33,"estado_ibge":53,"ano":2003},{"valor":622,"estado_ibge":11,"ano":2004},{"valor":175,"estado_ibge":12,"ano":2004},{"valor":2965,"estado_ibge":13,"ano":2004},{"valor":1000,"estado_ibge":14,"ano":2004},{"valor":16785,"estado_ibge":15,"ano":2004},{"valor":1527,"estado_ibge":16,"ano":2004},{"valor":1039,"estado_ibge":17,"ano":2004},{"valor":15701,"estado_ibge":21,"ano":2004},{"valor":3668,"estado_ibge":22,"ano":2004},{"valor":5418,"estado_ibge":23,"ano":2004},{"valor":6675,"estado_ibge":24,"ano":2004},{"valor":7270,"estado_ibge":25,"ano":2004},{"valor":1589,"estado_ibge":26,"ano":2004},{"valor":3185,"estado_ibge":27,"ano":2004},{"valor":3593,"estado_ibge":28,"ano":2004},{"valor":15443,"estado_ibge":29,"ano":2004},{"valor":0,"estado_ibge":31,"ano":2004},{"valor":3794,"estado_ibge":32,"ano":2004},{"valor":5304,"estado_ibge":33,"ano":2004},{"valor":7918,"estado_ibge":35,"ano":2004},{"valor":2377,"estado_ibge":41,"ano":2004},{"valor":15069,"estado_ibge":42,"ano":2004},{"valor":4389,"estado_ibge":43,"ano":2004},{"valor":997,"estado_ibge":50,"ano":2004},{"valor":0,"estado_ibge":51,"ano":2004},{"valor":149,"estado_ibge":52,"ano":2004},{"valor":69,"estado_ibge":53,"ano":2004},{"valor":2389,"estado_ibge":11,"ano":2005},{"valor":674,"estado_ibge":12,"ano":2005},{"valor":24758,"estado_ibge":13,"ano":2005},{"valor":3041,"estado_ibge":14,"ano":2005},{"valor":75745,"estado_ibge":15,"ano":2005},{"valor":4871,"estado_ibge":16,"ano":2005},{"valor":2691,"estado_ibge":17,"ano":2005},{"valor":42215,"estado_ibge":21,"ano":2005},{"valor":10623,"estado_ibge":22,"ano":2005},{"valor":25989,"estado_ibge":23,"ano":2005},{"valor":25842,"estado_ibge":24,"ano":2005},{"valor":15913,"estado_ibge":25,"ano":2005},{"valor":7787,"estado_ibge":26,"ano":2005},{"valor":10942,"estado_ibge":27,"ano":2005},{"valor":12601,"estado_ibge":28,"ano":2005},{"valor":49415,"estado_ibge":29,"ano":2005},{"valor":16404,"estado_ibge":31,"ano":2005},{"valor":13506,"estado_ibge":32,"ano":2005},{"valor":19145,"estado_ibge":33,"ano":2005},{"valor":43817,"estado_ibge":35,"ano":2005},{"valor":11365,"estado_ibge":41,"ano":2005},{"valor":41374,"estado_ibge":42,"ano":2005},{"valor":28294,"estado_ibge":43,"ano":2005},{"valor":5240,"estado_ibge":50,"ano":2005},{"valor":5398,"estado_ibge":51,"ano":2005},{"valor":202,"estado_ibge":52,"ano":2005},{"valor":251,"estado_ibge":53,"ano":2005},{"valor":2548,"estado_ibge":11,"ano":2006},{"valor":719,"estado_ibge":12,"ano":2006},{"valor":27769,"estado_ibge":13,"ano":2006},{"valor":4573,"estado_ibge":14,"ano":2006},{"valor":80582,"estado_ibge":15,"ano":2006},{"valor":7517,"estado_ibge":16,"ano":2006},{"valor":3550,"estado_ibge":17,"ano":2006},{"valor":54852,"estado_ibge":21,"ano":2006},{"valor":14042,"estado_ibge":22,"ano":2006},{"valor":15096,"estado_ibge":23,"ano":2006},{"valor":21907,"estado_ibge":24,"ano":2006},{"valor":12948,"estado_ibge":25,"ano":2006},{"valor":5790,"estado_ibge":26,"ano":2006},{"valor":13988,"estado_ibge":27,"ano":2006},{"valor":12418,"estado_ibge":28,"ano":2006},{"valor":60490,"estado_ibge":29,"ano":2006},{"valor":14069,"estado_ibge":31,"ano":2006},{"valor":12123,"estado_ibge":32,"ano":2006},{"valor":13311,"estado_ibge":33,"ano":2006},{"valor":17902,"estado_ibge":35,"ano":2006},{"valor":10015,"estado_ibge":41,"ano":2006},{"valor":28243,"estado_ibge":42,"ano":2006},{"valor":18158,"estado_ibge":43,"ano":2006},{"valor":4723,"estado_ibge":50,"ano":2006},{"valor":7186,"estado_ibge":51,"ano":2006},{"valor":1566,"estado_ibge":52,"ano":2006},{"valor":316,"estado_ibge":53,"ano":2006},{"valor":2902,"estado_ibge":11,"ano":2007},{"valor":818,"estado_ibge":12,"ano":2007},{"valor":35697,"estado_ibge":13,"ano":2007},{"valor":5632,"estado_ibge":14,"ano":2007},{"valor":101025,"estado_ibge":15,"ano":2007},{"valor":8531,"estado_ibge":16,"ano":2007},{"valor":3672,"estado_ibge":17,"ano":2007},{"valor":67836,"estado_ibge":21,"ano":2007},{"valor":16045,"estado_ibge":22,"ano":2007},{"valor":24391,"estado_ibge":23,"ano":2007},{"valor":24229,"estado_ibge":24,"ano":2007},{"valor":13333,"estado_ibge":25,"ano":2007},{"valor":7765,"estado_ibge":26,"ano":2007},{"valor":17234,"estado_ibge":27,"ano":2007},{"valor":13065,"estado_ibge":28,"ano":2007},{"valor":68897,"estado_ibge":29,"ano":2007},{"valor":14680,"estado_ibge":31,"ano":2007},{"valor":13230,"estado_ibge":32,"ano":2007},{"valor":13681,"estado_ibge":33,"ano":2007},{"valor":23057,"estado_ibge":35,"ano":2007},{"valor":10628,"estado_ibge":41,"ano":2007},{"valor":30624,"estado_ibge":42,"ano":2007},{"valor":18659,"estado_ibge":43,"ano":2007},{"valor":4781,"estado_ibge":50,"ano":2007},{"valor":7594,"estado_ibge":51,"ano":2007},{"valor":1825,"estado_ibge":52,"ano":2007},{"valor":315,"estado_ibge":53,"ano":2007},{"valor":4386,"estado_ibge":11,"ano":2008},{"valor":1237,"estado_ibge":12,"ano":2008},{"valor":46720,"estado_ibge":13,"ano":2008},{"valor":8168,"estado_ibge":14,"ano":2008},{"valor":133918,"estado_ibge":15,"ano":2008},{"valor":8833,"estado_ibge":16,"ano":2008},{"valor":5150,"estado_ibge":17,"ano":2008},{"valor":79136,"estado_ibge":21,"ano":2008},{"valor":22878,"estado_ibge":22,"ano":2008},{"valor":27321,"estado_ibge":23,"ano":2008},{"valor":29935,"estado_ibge":24,"ano":2008},{"valor":17537,"estado_ibge":25,"ano":2008},{"valor":12203,"estado_ibge":26,"ano":2008},{"valor":23077,"estado_ibge":27,"ano":2008},{"valor":16910,"estado_ibge":28,"ano":2008},{"valor":89150,"estado_ibge":29,"ano":2008},{"valor":17687,"estado_ibge":31,"ano":2008},{"valor":16377,"estado_ibge":32,"ano":2008},{"valor":16212,"estado_ibge":33,"ano":2008},{"valor":26688,"estado_ibge":35,"ano":2008},{"valor":12876,"estado_ibge":41,"ano":2008},{"valor":32796,"estado_ibge":42,"ano":2008},{"valor":20281,"estado_ibge":43,"ano":2008},{"valor":5602,"estado_ibge":50,"ano":2008},{"valor":8507,"estado_ibge":51,"ano":2008},{"valor":2746,"estado_ibge":52,"ano":2008},{"valor":312,"estado_ibge":53,"ano":2008},{"valor":5410,"estado_ibge":11,"ano":2009},{"valor":1526,"estado_ibge":12,"ano":2009},{"valor":58232,"estado_ibge":13,"ano":2009},{"valor":10307,"estado_ibge":14,"ano":2009},{"valor":167494,"estado_ibge":15,"ano":2009},{"valor":9298,"estado_ibge":16,"ano":2009},{"valor":6819,"estado_ibge":17,"ano":2009},{"valor":101587,"estado_ibge":21,"ano":2009},{"valor":31483,"estado_ibge":22,"ano":2009},{"valor":30184,"estado_ibge":23,"ano":2009},{"valor":32512,"estado_ibge":24,"ano":2009},{"valor":19543,"estado_ibge":25,"ano":2009},{"valor":14452,"estado_ibge":26,"ano":2009},{"valor":29837,"estado_ibge":27,"ano":2009},{"valor":21028,"estado_ibge":28,"ano":2009},{"valor":105455,"estado_ibge":29,"ano":2009},{"valor":20401,"estado_ibge":31,"ano":2009},{"valor":17607,"estado_ibge":32,"ano":2009},{"valor":18344,"estado_ibge":33,"ano":2009},{"valor":31588,"estado_ibge":35,"ano":2009},{"valor":13474,"estado_ibge":41,"ano":2009},{"valor":38936,"estado_ibge":42,"ano":2009},{"valor":20830,"estado_ibge":43,"ano":2009},{"valor":6176,"estado_ibge":50,"ano":2009},{"valor":9958,"estado_ibge":51,"ano":2009},{"valor":3030,"estado_ibge":52,"ano":2009},{"valor":315,"estado_ibge":53,"ano":2009},{"valor":5685,"estado_ibge":11,"ano":2010},{"valor":1604,"estado_ibge":12,"ano":2010},{"valor":62957,"estado_ibge":13,"ano":2010},{"valor":10021,"estado_ibge":14,"ano":2010},{"valor":220961,"estado_ibge":15,"ano":2010},{"valor":12868,"estado_ibge":16,"ano":2010},{"valor":6700,"estado_ibge":17,"ano":2010},{"valor":117359,"estado_ibge":21,"ano":2010},{"valor":35059,"estado_ibge":22,"ano":2010},{"valor":30422,"estado_ibge":23,"ano":2010},{"valor":32286,"estado_ibge":24,"ano":2010},{"valor":22399,"estado_ibge":25,"ano":2010},{"valor":13106,"estado_ibge":26,"ano":2010},{"valor":30223,"estado_ibge":27,"ano":2010},{"valor":22047,"estado_ibge":28,"ano":2010},{"valor":111855,"estado_ibge":29,"ano":2010},{"valor":21947,"estado_ibge":31,"ano":2010},{"valor":16637,"estado_ibge":32,"ano":2010},{"valor":16217,"estado_ibge":33,"ano":2010},{"valor":28065,"estado_ibge":35,"ano":2010},{"valor":12257,"estado_ibge":41,"ano":2010},{"valor":35252,"estado_ibge":42,"ano":2010},{"valor":18914,"estado_ibge":43,"ano":2010},{"valor":5758,"estado_ibge":50,"ano":2010},{"valor":9290,"estado_ibge":51,"ano":2010},{"valor":2826,"estado_ibge":52,"ano":2010},{"valor":234,"estado_ibge":53,"ano":2010}]}