<?xml version="1.0" encoding="UTF-8"?>
<result>
  <url><![CDATA[http://api.pgi.gov.br/api/1/serie/1166.json]]></url>
  <id>1166</id>
  <nome><![CDATA[pescadores registrados RGP]]></nome>
  <nome_estendido><![CDATA[Número de pescadores registrados no Registro Geral da Pesca]]></nome_estendido>
  <descricao><![CDATA[Número de pescadores registrados no Registro Geral da Pesca - RGP. Os dados são acumulados.]]></descricao>
  <inicio><![CDATA[2003]]></inicio>
  <final><![CDATA[2010]]></final>
  <formatacao><![CDATA[0]]></formatacao>
  <data_atualizacao><![CDATA[2014-06-13 19:04:29.32468]]></data_atualizacao>
  <aditividade><![CDATA[1]]></aditividade>
  <url_origem><![CDATA[http://www.mpa.gov.br/]]></url_origem>
  <tempo_aditividade><![CDATA[0]]></tempo_aditividade>
  <portal_dados_abertos>false</portal_dados_abertos>
  <disponibilizacao>
    <disponibilizacao><![CDATA[365 dias]]></disponibilizacao>
    <dias>365</dias>
  </disponibilizacao>
  <estado>
    <estado><![CDATA[Em uso]]></estado>
  </estado>
  <fonte_gestora>
    <url><![CDATA[http://api.pgi.gov.br/api/1/fonte/195.json]]></url>
    <id>195</id>
    <nome><![CDATA[MPA/GABMIN]]></nome>
    <descricao><![CDATA[Gabinete do Ministro]]></descricao>
    <tipo><![CDATA[1]]></tipo>
    <orgao_primeiro_escalao>
      <nome><![CDATA[MPA]]></nome>
      <descricao><![CDATA[Ministério da Pesca e Aquicultura]]></descricao>
    </orgao_primeiro_escalao>
  </fonte_gestora>
  <fonte_provedora>
    <url><![CDATA[http://api.pgi.gov.br/api/1/fonte/195.json]]></url>
    <id>195</id>
    <nome><![CDATA[MPA/GABMIN]]></nome>
    <descricao><![CDATA[Gabinete do Ministro]]></descricao>
    <tipo><![CDATA[1]]></tipo>
    <orgao_primeiro_escalao>
      <nome><![CDATA[MPA]]></nome>
      <descricao><![CDATA[Ministério da Pesca e Aquicultura]]></descricao>
    </orgao_primeiro_escalao>
  </fonte_provedora>
  <grupo_informacao>
    <url><![CDATA[http://api.pgi.gov.br/api/1/grupo/295.json]]></url>
    <id>295</id>
    <nome><![CDATA[Regime Geral da Pesca]]></nome>
  </grupo_informacao>
  <base_territorial>
    <base_territorial><![CDATA[Estadual]]></base_territorial>
  </base_territorial>
  <periodicidade>
    <periodicidade><![CDATA[Anual]]></periodicidade>
  </periodicidade>
  <multiplicador>
    <id>1</id>
    <nome><![CDATA[]]></nome>
  </multiplicador>
  <produto>
    <nome><![CDATA[Quantidade]]></nome>
    <descricao><![CDATA[]]></descricao>
  </produto>
  <publicacao>
    <status_publicacao><![CDATA[Dados Publicados]]></status_publicacao>
  </publicacao>
  <unidade_medida>
    <url><![CDATA[http://api.pgi.gov.br/api/1/unidade/5.json]]></url>
    <id>5</id>
    <nome><![CDATA[Pessoa]]></nome>
    <unidade_medida><![CDATA[Pessoa]]></unidade_medida>
  </unidade_medida>
  <orgao_primeiro_escalao>
    <nome><![CDATA[MPA]]></nome>
    <descricao><![CDATA[Ministério da Pesca e Aquicultura]]></descricao>
  </orgao_primeiro_escalao>
  <valores>
    <entry>
      <valor>456</valor>
      <estado_ibge>11</estado_ibge>
      <ano>2003</ano>
    </entry>
    <entry>
      <valor>128</valor>
      <estado_ibge>12</estado_ibge>
      <ano>2003</ano>
    </entry>
    <entry>
      <valor>6881</valor>
      <estado_ibge>13</estado_ibge>
      <ano>2003</ano>
    </entry>
    <entry>
      <valor>375</valor>
      <estado_ibge>14</estado_ibge>
      <ano>2003</ano>
    </entry>
    <entry>
      <valor>11838</valor>
      <estado_ibge>15</estado_ibge>
      <ano>2003</ano>
    </entry>
    <entry>
      <valor>755</valor>
      <estado_ibge>16</estado_ibge>
      <ano>2003</ano>
    </entry>
    <entry>
      <valor>182</valor>
      <estado_ibge>17</estado_ibge>
      <ano>2003</ano>
    </entry>
    <entry>
      <valor>6681</valor>
      <estado_ibge>21</estado_ibge>
      <ano>2003</ano>
    </entry>
    <entry>
      <valor>975</valor>
      <estado_ibge>22</estado_ibge>
      <ano>2003</ano>
    </entry>
    <entry>
      <valor>4125</valor>
      <estado_ibge>23</estado_ibge>
      <ano>2003</ano>
    </entry>
    <entry>
      <valor>4532</valor>
      <estado_ibge>24</estado_ibge>
      <ano>2003</ano>
    </entry>
    <entry>
      <valor>2353</valor>
      <estado_ibge>25</estado_ibge>
      <ano>2003</ano>
    </entry>
    <entry>
      <valor>1068</valor>
      <estado_ibge>26</estado_ibge>
      <ano>2003</ano>
    </entry>
    <entry>
      <valor>2633</valor>
      <estado_ibge>27</estado_ibge>
      <ano>2003</ano>
    </entry>
    <entry>
      <valor>3598</valor>
      <estado_ibge>28</estado_ibge>
      <ano>2003</ano>
    </entry>
    <entry>
      <valor>6233</valor>
      <estado_ibge>29</estado_ibge>
      <ano>2003</ano>
    </entry>
    <entry>
      <valor>0</valor>
      <estado_ibge>31</estado_ibge>
      <ano>2003</ano>
    </entry>
    <entry>
      <valor>1948</valor>
      <estado_ibge>32</estado_ibge>
      <ano>2003</ano>
    </entry>
    <entry>
      <valor>3571</valor>
      <estado_ibge>33</estado_ibge>
      <ano>2003</ano>
    </entry>
    <entry>
      <valor>8531</valor>
      <estado_ibge>35</estado_ibge>
      <ano>2003</ano>
    </entry>
    <entry>
      <valor>1287</valor>
      <estado_ibge>41</estado_ibge>
      <ano>2003</ano>
    </entry>
    <entry>
      <valor>7934</valor>
      <estado_ibge>42</estado_ibge>
      <ano>2003</ano>
    </entry>
    <entry>
      <valor>7252</valor>
      <estado_ibge>43</estado_ibge>
      <ano>2003</ano>
    </entry>
    <entry>
      <valor>1083</valor>
      <estado_ibge>50</estado_ibge>
      <ano>2003</ano>
    </entry>
    <entry>
      <valor>0</valor>
      <estado_ibge>51</estado_ibge>
      <ano>2003</ano>
    </entry>
    <entry>
      <valor>49</valor>
      <estado_ibge>52</estado_ibge>
      <ano>2003</ano>
    </entry>
    <entry>
      <valor>33</valor>
      <estado_ibge>53</estado_ibge>
      <ano>2003</ano>
    </entry>
    <entry>
      <valor>622</valor>
      <estado_ibge>11</estado_ibge>
      <ano>2004</ano>
    </entry>
    <entry>
      <valor>175</valor>
      <estado_ibge>12</estado_ibge>
      <ano>2004</ano>
    </entry>
    <entry>
      <valor>2965</valor>
      <estado_ibge>13</estado_ibge>
      <ano>2004</ano>
    </entry>
    <entry>
      <valor>1000</valor>
      <estado_ibge>14</estado_ibge>
      <ano>2004</ano>
    </entry>
    <entry>
      <valor>16785</valor>
      <estado_ibge>15</estado_ibge>
      <ano>2004</ano>
    </entry>
    <entry>
      <valor>1527</valor>
      <estado_ibge>16</estado_ibge>
      <ano>2004</ano>
    </entry>
    <entry>
      <valor>1039</valor>
      <estado_ibge>17</estado_ibge>
      <ano>2004</ano>
    </entry>
    <entry>
      <valor>15701</valor>
      <estado_ibge>21</estado_ibge>
      <ano>2004</ano>
    </entry>
    <entry>
      <valor>3668</valor>
      <estado_ibge>22</estado_ibge>
      <ano>2004</ano>
    </entry>
    <entry>
      <valor>5418</valor>
      <estado_ibge>23</estado_ibge>
      <ano>2004</ano>
    </entry>
    <entry>
      <valor>6675</valor>
      <estado_ibge>24</estado_ibge>
      <ano>2004</ano>
    </entry>
    <entry>
      <valor>7270</valor>
      <estado_ibge>25</estado_ibge>
      <ano>2004</ano>
    </entry>
    <entry>
      <valor>1589</valor>
      <estado_ibge>26</estado_ibge>
      <ano>2004</ano>
    </entry>
    <entry>
      <valor>3185</valor>
      <estado_ibge>27</estado_ibge>
      <ano>2004</ano>
    </entry>
    <entry>
      <valor>3593</valor>
      <estado_ibge>28</estado_ibge>
      <ano>2004</ano>
    </entry>
    <entry>
      <valor>15443</valor>
      <estado_ibge>29</estado_ibge>
      <ano>2004</ano>
    </entry>
    <entry>
      <valor>0</valor>
      <estado_ibge>31</estado_ibge>
      <ano>2004</ano>
    </entry>
    <entry>
      <valor>3794</valor>
      <estado_ibge>32</estado_ibge>
      <ano>2004</ano>
    </entry>
    <entry>
      <valor>5304</valor>
      <estado_ibge>33</estado_ibge>
      <ano>2004</ano>
    </entry>
    <entry>
      <valor>7918</valor>
      <estado_ibge>35</estado_ibge>
      <ano>2004</ano>
    </entry>
    <entry>
      <valor>2377</valor>
      <estado_ibge>41</estado_ibge>
      <ano>2004</ano>
    </entry>
    <entry>
      <valor>15069</valor>
      <estado_ibge>42</estado_ibge>
      <ano>2004</ano>
    </entry>
    <entry>
      <valor>4389</valor>
      <estado_ibge>43</estado_ibge>
      <ano>2004</ano>
    </entry>
    <entry>
      <valor>997</valor>
      <estado_ibge>50</estado_ibge>
      <ano>2004</ano>
    </entry>
    <entry>
      <valor>0</valor>
      <estado_ibge>51</estado_ibge>
      <ano>2004</ano>
    </entry>
    <entry>
      <valor>149</valor>
      <estado_ibge>52</estado_ibge>
      <ano>2004</ano>
    </entry>
    <entry>
      <valor>69</valor>
      <estado_ibge>53</estado_ibge>
      <ano>2004</ano>
    </entry>
    <entry>
      <valor>2389</valor>
      <estado_ibge>11</estado_ibge>
      <ano>2005</ano>
    </entry>
    <entry>
      <valor>674</valor>
      <estado_ibge>12</estado_ibge>
      <ano>2005</ano>
    </entry>
    <entry>
      <valor>24758</valor>
      <estado_ibge>13</estado_ibge>
      <ano>2005</ano>
    </entry>
    <entry>
      <valor>3041</valor>
      <estado_ibge>14</estado_ibge>
      <ano>2005</ano>
    </entry>
    <entry>
      <valor>75745</valor>
      <estado_ibge>15</estado_ibge>
      <ano>2005</ano>
    </entry>
    <entry>
      <valor>4871</valor>
      <estado_ibge>16</estado_ibge>
      <ano>2005</ano>
    </entry>
    <entry>
      <valor>2691</valor>
      <estado_ibge>17</estado_ibge>
      <ano>2005</ano>
    </entry>
    <entry>
      <valor>42215</valor>
      <estado_ibge>21</estado_ibge>
      <ano>2005</ano>
    </entry>
    <entry>
      <valor>10623</valor>
      <estado_ibge>22</estado_ibge>
      <ano>2005</ano>
    </entry>
    <entry>
      <valor>25989</valor>
      <estado_ibge>23</estado_ibge>
      <ano>2005</ano>
    </entry>
    <entry>
      <valor>25842</valor>
      <estado_ibge>24</estado_ibge>
      <ano>2005</ano>
    </entry>
    <entry>
      <valor>15913</valor>
      <estado_ibge>25</estado_ibge>
      <ano>2005</ano>
    </entry>
    <entry>
      <valor>7787</valor>
      <estado_ibge>26</estado_ibge>
      <ano>2005</ano>
    </entry>
    <entry>
      <valor>10942</valor>
      <estado_ibge>27</estado_ibge>
      <ano>2005</ano>
    </entry>
    <entry>
      <valor>12601</valor>
      <estado_ibge>28</estado_ibge>
      <ano>2005</ano>
    </entry>
    <entry>
      <valor>49415</valor>
      <estado_ibge>29</estado_ibge>
      <ano>2005</ano>
    </entry>
    <entry>
      <valor>16404</valor>
      <estado_ibge>31</estado_ibge>
      <ano>2005</ano>
    </entry>
    <entry>
      <valor>13506</valor>
      <estado_ibge>32</estado_ibge>
      <ano>2005</ano>
    </entry>
    <entry>
      <valor>19145</valor>
      <estado_ibge>33</estado_ibge>
      <ano>2005</ano>
    </entry>
    <entry>
      <valor>43817</valor>
      <estado_ibge>35</estado_ibge>
      <ano>2005</ano>
    </entry>
    <entry>
      <valor>11365</valor>
      <estado_ibge>41</estado_ibge>
      <ano>2005</ano>
    </entry>
    <entry>
      <valor>41374</valor>
      <estado_ibge>42</estado_ibge>
      <ano>2005</ano>
    </entry>
    <entry>
      <valor>28294</valor>
      <estado_ibge>43</estado_ibge>
      <ano>2005</ano>
    </entry>
    <entry>
      <valor>5240</valor>
      <estado_ibge>50</estado_ibge>
      <ano>2005</ano>
    </entry>
    <entry>
      <valor>5398</valor>
      <estado_ibge>51</estado_ibge>
      <ano>2005</ano>
    </entry>
    <entry>
      <valor>202</valor>
      <estado_ibge>52</estado_ibge>
      <ano>2005</ano>
    </entry>
    <entry>
      <valor>251</valor>
      <estado_ibge>53</estado_ibge>
      <ano>2005</ano>
    </entry>
    <entry>
      <valor>2548</valor>
      <estado_ibge>11</estado_ibge>
      <ano>2006</ano>
    </entry>
    <entry>
      <valor>719</valor>
      <estado_ibge>12</estado_ibge>
      <ano>2006</ano>
    </entry>
    <entry>
      <valor>27769</valor>
      <estado_ibge>13</estado_ibge>
      <ano>2006</ano>
    </entry>
    <entry>
      <valor>4573</valor>
      <estado_ibge>14</estado_ibge>
      <ano>2006</ano>
    </entry>
    <entry>
      <valor>80582</valor>
      <estado_ibge>15</estado_ibge>
      <ano>2006</ano>
    </entry>
    <entry>
      <valor>7517</valor>
      <estado_ibge>16</estado_ibge>
      <ano>2006</ano>
    </entry>
    <entry>
      <valor>3550</valor>
      <estado_ibge>17</estado_ibge>
      <ano>2006</ano>
    </entry>
    <entry>
      <valor>54852</valor>
      <estado_ibge>21</estado_ibge>
      <ano>2006</ano>
    </entry>
    <entry>
      <valor>14042</valor>
      <estado_ibge>22</estado_ibge>
      <ano>2006</ano>
    </entry>
    <entry>
      <valor>15096</valor>
      <estado_ibge>23</estado_ibge>
      <ano>2006</ano>
    </entry>
    <entry>
      <valor>21907</valor>
      <estado_ibge>24</estado_ibge>
      <ano>2006</ano>
    </entry>
    <entry>
      <valor>12948</valor>
      <estado_ibge>25</estado_ibge>
      <ano>2006</ano>
    </entry>
    <entry>
      <valor>5790</valor>
      <estado_ibge>26</estado_ibge>
      <ano>2006</ano>
    </entry>
    <entry>
      <valor>13988</valor>
      <estado_ibge>27</estado_ibge>
      <ano>2006</ano>
    </entry>
    <entry>
      <valor>12418</valor>
      <estado_ibge>28</estado_ibge>
      <ano>2006</ano>
    </entry>
    <entry>
      <valor>60490</valor>
      <estado_ibge>29</estado_ibge>
      <ano>2006</ano>
    </entry>
    <entry>
      <valor>14069</valor>
      <estado_ibge>31</estado_ibge>
      <ano>2006</ano>
    </entry>
    <entry>
      <valor>12123</valor>
      <estado_ibge>32</estado_ibge>
      <ano>2006</ano>
    </entry>
    <entry>
      <valor>13311</valor>
      <estado_ibge>33</estado_ibge>
      <ano>2006</ano>
    </entry>
    <entry>
      <valor>17902</valor>
      <estado_ibge>35</estado_ibge>
      <ano>2006</ano>
    </entry>
    <entry>
      <valor>10015</valor>
      <estado_ibge>41</estado_ibge>
      <ano>2006</ano>
    </entry>
    <entry>
      <valor>28243</valor>
      <estado_ibge>42</estado_ibge>
      <ano>2006</ano>
    </entry>
    <entry>
      <valor>18158</valor>
      <estado_ibge>43</estado_ibge>
      <ano>2006</ano>
    </entry>
    <entry>
      <valor>4723</valor>
      <estado_ibge>50</estado_ibge>
      <ano>2006</ano>
    </entry>
    <entry>
      <valor>7186</valor>
      <estado_ibge>51</estado_ibge>
      <ano>2006</ano>
    </entry>
    <entry>
      <valor>1566</valor>
      <estado_ibge>52</estado_ibge>
      <ano>2006</ano>
    </entry>
    <entry>
      <valor>316</valor>
      <estado_ibge>53</estado_ibge>
      <ano>2006</ano>
    </entry>
    <entry>
      <valor>2902</valor>
      <estado_ibge>11</estado_ibge>
      <ano>2007</ano>
    </entry>
    <entry>
      <valor>818</valor>
      <estado_ibge>12</estado_ibge>
      <ano>2007</ano>
    </entry>
    <entry>
      <valor>35697</valor>
      <estado_ibge>13</estado_ibge>
      <ano>2007</ano>
    </entry>
    <entry>
      <valor>5632</valor>
      <estado_ibge>14</estado_ibge>
      <ano>2007</ano>
    </entry>
    <entry>
      <valor>101025</valor>
      <estado_ibge>15</estado_ibge>
      <ano>2007</ano>
    </entry>
    <entry>
      <valor>8531</valor>
      <estado_ibge>16</estado_ibge>
      <ano>2007</ano>
    </entry>
    <entry>
      <valor>3672</valor>
      <estado_ibge>17</estado_ibge>
      <ano>2007</ano>
    </entry>
    <entry>
      <valor>67836</valor>
      <estado_ibge>21</estado_ibge>
      <ano>2007</ano>
    </entry>
    <entry>
      <valor>16045</valor>
      <estado_ibge>22</estado_ibge>
      <ano>2007</ano>
    </entry>
    <entry>
      <valor>24391</valor>
      <estado_ibge>23</estado_ibge>
      <ano>2007</ano>
    </entry>
    <entry>
      <valor>24229</valor>
      <estado_ibge>24</estado_ibge>
      <ano>2007</ano>
    </entry>
    <entry>
      <valor>13333</valor>
      <estado_ibge>25</estado_ibge>
      <ano>2007</ano>
    </entry>
    <entry>
      <valor>7765</valor>
      <estado_ibge>26</estado_ibge>
      <ano>2007</ano>
    </entry>
    <entry>
      <valor>17234</valor>
      <estado_ibge>27</estado_ibge>
      <ano>2007</ano>
    </entry>
    <entry>
      <valor>13065</valor>
      <estado_ibge>28</estado_ibge>
      <ano>2007</ano>
    </entry>
    <entry>
      <valor>68897</valor>
      <estado_ibge>29</estado_ibge>
      <ano>2007</ano>
    </entry>
    <entry>
      <valor>14680</valor>
      <estado_ibge>31</estado_ibge>
      <ano>2007</ano>
    </entry>
    <entry>
      <valor>13230</valor>
      <estado_ibge>32</estado_ibge>
      <ano>2007</ano>
    </entry>
    <entry>
      <valor>13681</valor>
      <estado_ibge>33</estado_ibge>
      <ano>2007</ano>
    </entry>
    <entry>
      <valor>23057</valor>
      <estado_ibge>35</estado_ibge>
      <ano>2007</ano>
    </entry>
    <entry>
      <valor>10628</valor>
      <estado_ibge>41</estado_ibge>
      <ano>2007</ano>
    </entry>
    <entry>
      <valor>30624</valor>
      <estado_ibge>42</estado_ibge>
      <ano>2007</ano>
    </entry>
    <entry>
      <valor>18659</valor>
      <estado_ibge>43</estado_ibge>
      <ano>2007</ano>
    </entry>
    <entry>
      <valor>4781</valor>
      <estado_ibge>50</estado_ibge>
      <ano>2007</ano>
    </entry>
    <entry>
      <valor>7594</valor>
      <estado_ibge>51</estado_ibge>
      <ano>2007</ano>
    </entry>
    <entry>
      <valor>1825</valor>
      <estado_ibge>52</estado_ibge>
      <ano>2007</ano>
    </entry>
    <entry>
      <valor>315</valor>
      <estado_ibge>53</estado_ibge>
      <ano>2007</ano>
    </entry>
    <entry>
      <valor>4386</valor>
      <estado_ibge>11</estado_ibge>
      <ano>2008</ano>
    </entry>
    <entry>
      <valor>1237</valor>
      <estado_ibge>12</estado_ibge>
      <ano>2008</ano>
    </entry>
    <entry>
      <valor>46720</valor>
      <estado_ibge>13</estado_ibge>
      <ano>2008</ano>
    </entry>
    <entry>
      <valor>8168</valor>
      <estado_ibge>14</estado_ibge>
      <ano>2008</ano>
    </entry>
    <entry>
      <valor>133918</valor>
      <estado_ibge>15</estado_ibge>
      <ano>2008</ano>
    </entry>
    <entry>
      <valor>8833</valor>
      <estado_ibge>16</estado_ibge>
      <ano>2008</ano>
    </entry>
    <entry>
      <valor>5150</valor>
      <estado_ibge>17</estado_ibge>
      <ano>2008</ano>
    </entry>
    <entry>
      <valor>79136</valor>
      <estado_ibge>21</estado_ibge>
      <ano>2008</ano>
    </entry>
    <entry>
      <valor>22878</valor>
      <estado_ibge>22</estado_ibge>
      <ano>2008</ano>
    </entry>
    <entry>
      <valor>27321</valor>
      <estado_ibge>23</estado_ibge>
      <ano>2008</ano>
    </entry>
    <entry>
      <valor>29935</valor>
      <estado_ibge>24</estado_ibge>
      <ano>2008</ano>
    </entry>
    <entry>
      <valor>17537</valor>
      <estado_ibge>25</estado_ibge>
      <ano>2008</ano>
    </entry>
    <entry>
      <valor>12203</valor>
      <estado_ibge>26</estado_ibge>
      <ano>2008</ano>
    </entry>
    <entry>
      <valor>23077</valor>
      <estado_ibge>27</estado_ibge>
      <ano>2008</ano>
    </entry>
    <entry>
      <valor>16910</valor>
      <estado_ibge>28</estado_ibge>
      <ano>2008</ano>
    </entry>
    <entry>
      <valor>89150</valor>
      <estado_ibge>29</estado_ibge>
      <ano>2008</ano>
    </entry>
    <entry>
      <valor>17687</valor>
      <estado_ibge>31</estado_ibge>
      <ano>2008</ano>
    </entry>
    <entry>
      <valor>16377</valor>
      <estado_ibge>32</estado_ibge>
      <ano>2008</ano>
    </entry>
    <entry>
      <valor>16212</valor>
      <estado_ibge>33</estado_ibge>
      <ano>2008</ano>
    </entry>
    <entry>
      <valor>26688</valor>
      <estado_ibge>35</estado_ibge>
      <ano>2008</ano>
    </entry>
    <entry>
      <valor>12876</valor>
      <estado_ibge>41</estado_ibge>
      <ano>2008</ano>
    </entry>
    <entry>
      <valor>32796</valor>
      <estado_ibge>42</estado_ibge>
      <ano>2008</ano>
    </entry>
    <entry>
      <valor>20281</valor>
      <estado_ibge>43</estado_ibge>
      <ano>2008</ano>
    </entry>
    <entry>
      <valor>5602</valor>
      <estado_ibge>50</estado_ibge>
      <ano>2008</ano>
    </entry>
    <entry>
      <valor>8507</valor>
      <estado_ibge>51</estado_ibge>
      <ano>2008</ano>
    </entry>
    <entry>
      <valor>2746</valor>
      <estado_ibge>52</estado_ibge>
      <ano>2008</ano>
    </entry>
    <entry>
      <valor>312</valor>
      <estado_ibge>53</estado_ibge>
      <ano>2008</ano>
    </entry>
    <entry>
      <valor>5410</valor>
      <estado_ibge>11</estado_ibge>
      <ano>2009</ano>
    </entry>
    <entry>
      <valor>1526</valor>
      <estado_ibge>12</estado_ibge>
      <ano>2009</ano>
    </entry>
    <entry>
      <valor>58232</valor>
      <estado_ibge>13</estado_ibge>
      <ano>2009</ano>
    </entry>
    <entry>
      <valor>10307</valor>
      <estado_ibge>14</estado_ibge>
      <ano>2009</ano>
    </entry>
    <entry>
      <valor>167494</valor>
      <estado_ibge>15</estado_ibge>
      <ano>2009</ano>
    </entry>
    <entry>
      <valor>9298</valor>
      <estado_ibge>16</estado_ibge>
      <ano>2009</ano>
    </entry>
    <entry>
      <valor>6819</valor>
      <estado_ibge>17</estado_ibge>
      <ano>2009</ano>
    </entry>
    <entry>
      <valor>101587</valor>
      <estado_ibge>21</estado_ibge>
      <ano>2009</ano>
    </entry>
    <entry>
      <valor>31483</valor>
      <estado_ibge>22</estado_ibge>
      <ano>2009</ano>
    </entry>
    <entry>
      <valor>30184</valor>
      <estado_ibge>23</estado_ibge>
      <ano>2009</ano>
    </entry>
    <entry>
      <valor>32512</valor>
      <estado_ibge>24</estado_ibge>
      <ano>2009</ano>
    </entry>
    <entry>
      <valor>19543</valor>
      <estado_ibge>25</estado_ibge>
      <ano>2009</ano>
    </entry>
    <entry>
      <valor>14452</valor>
      <estado_ibge>26</estado_ibge>
      <ano>2009</ano>
    </entry>
    <entry>
      <valor>29837</valor>
      <estado_ibge>27</estado_ibge>
      <ano>2009</ano>
    </entry>
    <entry>
      <valor>21028</valor>
      <estado_ibge>28</estado_ibge>
      <ano>2009</ano>
    </entry>
    <entry>
      <valor>105455</valor>
      <estado_ibge>29</estado_ibge>
      <ano>2009</ano>
    </entry>
    <entry>
      <valor>20401</valor>
      <estado_ibge>31</estado_ibge>
      <ano>2009</ano>
    </entry>
    <entry>
      <valor>17607</valor>
      <estado_ibge>32</estado_ibge>
      <ano>2009</ano>
    </entry>
    <entry>
      <valor>18344</valor>
      <estado_ibge>33</estado_ibge>
      <ano>2009</ano>
    </entry>
    <entry>
      <valor>31588</valor>
      <estado_ibge>35</estado_ibge>
      <ano>2009</ano>
    </entry>
    <entry>
      <valor>13474</valor>
      <estado_ibge>41</estado_ibge>
      <ano>2009</ano>
    </entry>
    <entry>
      <valor>38936</valor>
      <estado_ibge>42</estado_ibge>
      <ano>2009</ano>
    </entry>
    <entry>
      <valor>20830</valor>
      <estado_ibge>43</estado_ibge>
      <ano>2009</ano>
    </entry>
    <entry>
      <valor>6176</valor>
      <estado_ibge>50</estado_ibge>
      <ano>2009</ano>
    </entry>
    <entry>
      <valor>9958</valor>
      <estado_ibge>51</estado_ibge>
      <ano>2009</ano>
    </entry>
    <entry>
      <valor>3030</valor>
      <estado_ibge>52</estado_ibge>
      <ano>2009</ano>
    </entry>
    <entry>
      <valor>315</valor>
      <estado_ibge>53</estado_ibge>
      <ano>2009</ano>
    </entry>
    <entry>
      <valor>5685</valor>
      <estado_ibge>11</estado_ibge>
      <ano>2010</ano>
    </entry>
    <entry>
      <valor>1604</valor>
      <estado_ibge>12</estado_ibge>
      <ano>2010</ano>
    </entry>
    <entry>
      <valor>62957</valor>
      <estado_ibge>13</estado_ibge>
      <ano>2010</ano>
    </entry>
    <entry>
      <valor>10021</valor>
      <estado_ibge>14</estado_ibge>
      <ano>2010</ano>
    </entry>
    <entry>
      <valor>220961</valor>
      <estado_ibge>15</estado_ibge>
      <ano>2010</ano>
    </entry>
    <entry>
      <valor>12868</valor>
      <estado_ibge>16</estado_ibge>
      <ano>2010</ano>
    </entry>
    <entry>
      <valor>6700</valor>
      <estado_ibge>17</estado_ibge>
      <ano>2010</ano>
    </entry>
    <entry>
      <valor>117359</valor>
      <estado_ibge>21</estado_ibge>
      <ano>2010</ano>
    </entry>
    <entry>
      <valor>35059</valor>
      <estado_ibge>22</estado_ibge>
      <ano>2010</ano>
    </entry>
    <entry>
      <valor>30422</valor>
      <estado_ibge>23</estado_ibge>
      <ano>2010</ano>
    </entry>
    <entry>
      <valor>32286</valor>
      <estado_ibge>24</estado_ibge>
      <ano>2010</ano>
    </entry>
    <entry>
      <valor>22399</valor>
      <estado_ibge>25</estado_ibge>
      <ano>2010</ano>
    </entry>
    <entry>
      <valor>13106</valor>
      <estado_ibge>26</estado_ibge>
      <ano>2010</ano>
    </entry>
    <entry>
      <valor>30223</valor>
      <estado_ibge>27</estado_ibge>
      <ano>2010</ano>
    </entry>
    <entry>
      <valor>22047</valor>
      <estado_ibge>28</estado_ibge>
      <ano>2010</ano>
    </entry>
    <entry>
      <valor>111855</valor>
      <estado_ibge>29</estado_ibge>
      <ano>2010</ano>
    </entry>
    <entry>
      <valor>21947</valor>
      <estado_ibge>31</estado_ibge>
      <ano>2010</ano>
    </entry>
    <entry>
      <valor>16637</valor>
      <estado_ibge>32</estado_ibge>
      <ano>2010</ano>
    </entry>
    <entry>
      <valor>16217</valor>
      <estado_ibge>33</estado_ibge>
      <ano>2010</ano>
    </entry>
    <entry>
      <valor>28065</valor>
      <estado_ibge>35</estado_ibge>
      <ano>2010</ano>
    </entry>
    <entry>
      <valor>12257</valor>
      <estado_ibge>41</estado_ibge>
      <ano>2010</ano>
    </entry>
    <entry>
      <valor>35252</valor>
      <estado_ibge>42</estado_ibge>
      <ano>2010</ano>
    </entry>
    <entry>
      <valor>18914</valor>
      <estado_ibge>43</estado_ibge>
      <ano>2010</ano>
    </entry>
    <entry>
      <valor>5758</valor>
      <estado_ibge>50</estado_ibge>
      <ano>2010</ano>
    </entry>
    <entry>
      <valor>9290</valor>
      <estado_ibge>51</estado_ibge>
      <ano>2010</ano>
    </entry>
    <entry>
      <valor>2826</valor>
      <estado_ibge>52</estado_ibge>
      <ano>2010</ano>
    </entry>
    <entry>
      <valor>234</valor>
      <estado_ibge>53</estado_ibge>
      <ano>2010</ano>
    </entry>
  </valores>
</result>
