{"url":"http:\/\/api.pgi.gov.br\/api\/1\/serie\/1167.json","id":1167,"nome":"Valor gasto com registro","nome_estendido":"Valor gasto com registro de pescadores no Regime Geral da Pesca","descricao":"Valor gasto com registro de pescadores no Regime Geral da Pesca - RGP.","inicio":"2005","final":"2013","formatacao":"2","data_atualizacao":"2014-06-13 19:04:42.611801","aditividade":"1","url_origem":"http:\/\/www.mpa.gov.br\/","tempo_aditividade":"1","portal_dados_abertos":false,"disponibilizacao":{"disponibilizacao":"365 dias","dias":365},"estado":{"estado":"Em uso"},"fonte_gestora":{"url":"http:\/\/api.pgi.gov.br\/api\/1\/fonte\/195.json","id":195,"nome":"MPA\/GABMIN","descricao":"Gabinete do Ministro","tipo":"1","orgao_primeiro_escalao":{"nome":"MPA","descricao":"Minist\u00e9rio da Pesca e Aquicultura"}},"fonte_provedora":{"url":"http:\/\/api.pgi.gov.br\/api\/1\/fonte\/195.json","id":195,"nome":"MPA\/GABMIN","descricao":"Gabinete do Ministro","tipo":"1","orgao_primeiro_escalao":{"nome":"MPA","descricao":"Minist\u00e9rio da Pesca e Aquicultura"}},"grupo_informacao":{"url":"http:\/\/api.pgi.gov.br\/api\/1\/grupo\/295.json","id":295,"nome":"Regime Geral da Pesca","palavras_chave":[]},"base_territorial":{"base_territorial":"Estadual"},"periodicidade":{"periodicidade":"Anual"},"multiplicador":{"id":1,"nome":""},"produto":{"nome":"Valor Aplicado","descricao":""},"publicacao":{"status_publicacao":"Dados Publicados"},"unidade_medida":{"url":"http:\/\/api.pgi.gov.br\/api\/1\/unidade\/3.json","id":3,"nome":"Real (R$)","unidade_medida":"R$"},"orgao_primeiro_escalao":{"nome":"MPA","descricao":"Minist\u00e9rio da Pesca e Aquicultura"},"valores":[{"valor":3797,"estado_ibge":11,"ano":2005},{"valor":1070.95,"estado_ibge":12,"ano":2005},{"valor":39347.23,"estado_ibge":13,"ano":2005},{"valor":4832.98,"estado_ibge":14,"ano":2005},{"valor":120379.51,"estado_ibge":15,"ano":2005},{"valor":7741.35,"estado_ibge":16,"ano":2005},{"valor":4276.73,"estado_ibge":17,"ano":2005},{"valor":67091.18,"estado_ibge":21,"ano":2005},{"valor":16882.85,"estado_ibge":22,"ano":2005},{"valor":41303.63,"estado_ibge":23,"ano":2005},{"valor":41070,"estado_ibge":24,"ano":2005},{"valor":25290.11,"estado_ibge":25,"ano":2005},{"valor":12375.67,"estado_ibge":26,"ano":2005},{"valor":17389.83,"estado_ibge":27,"ano":2005},{"valor":20026.43,"estado_ibge":28,"ano":2005},{"valor":78533.95,"estado_ibge":29,"ano":2005},{"valor":26070.44,"estado_ibge":31,"ano":2005},{"valor":21464.73,"estado_ibge":32,"ano":2005},{"valor":30426.64,"estado_ibge":33,"ano":2005},{"valor":69637.19,"estado_ibge":35,"ano":2005},{"valor":18062.09,"estado_ibge":41,"ano":2005},{"valor":65754.6,"estado_ibge":42,"ano":2005},{"valor":44966.9,"estado_ibge":43,"ano":2005},{"valor":8327.79,"estado_ibge":50,"ano":2005},{"valor":8578.9,"estado_ibge":51,"ano":2005},{"valor":321.03,"estado_ibge":52,"ano":2005},{"valor":398.91,"estado_ibge":53,"ano":2005},{"valor":5463.67,"estado_ibge":11,"ano":2006},{"valor":1541.03,"estado_ibge":12,"ano":2006},{"valor":59538.89,"estado_ibge":13,"ano":2006},{"valor":9804.87,"estado_ibge":14,"ano":2006},{"valor":172774.07,"estado_ibge":15,"ano":2006},{"valor":16117.03,"estado_ibge":16,"ano":2006},{"valor":7611.48,"estado_ibge":17,"ano":2006},{"valor":117606.95,"estado_ibge":21,"ano":2006},{"valor":30107.14,"estado_ibge":22,"ano":2006},{"valor":32367,"estado_ibge":23,"ano":2006},{"valor":46970.31,"estado_ibge":24,"ano":2006},{"valor":27761.52,"estado_ibge":25,"ano":2006},{"valor":12414.21,"estado_ibge":26,"ano":2006},{"valor":29991.36,"estado_ibge":27,"ano":2006},{"valor":26625.16,"estado_ibge":28,"ano":2006},{"valor":129695.26,"estado_ibge":29,"ano":2006},{"valor":30165.03,"estado_ibge":31,"ano":2006},{"valor":25992.65,"estado_ibge":32,"ano":2006},{"valor":28539.82,"estado_ibge":33,"ano":2006},{"valor":38383.28,"estado_ibge":35,"ano":2006},{"valor":21472.94,"estado_ibge":41,"ano":2006},{"valor":60555.19,"estado_ibge":42,"ano":2006},{"valor":38932.16,"estado_ibge":43,"ano":2006},{"valor":10126.48,"estado_ibge":50,"ano":2006},{"valor":15407.34,"estado_ibge":51,"ano":2006},{"valor":3357.63,"estado_ibge":52,"ano":2006},{"valor":677.53,"estado_ibge":53,"ano":2006},{"valor":10458.76,"estado_ibge":11,"ano":2007},{"valor":2949.91,"estado_ibge":12,"ano":2007},{"valor":128669.13,"estado_ibge":13,"ano":2007},{"valor":20300.43,"estado_ibge":14,"ano":2007},{"valor":364142.63,"estado_ibge":15,"ano":2007},{"valor":30749.82,"estado_ibge":16,"ano":2007},{"valor":13235.65,"estado_ibge":17,"ano":2007},{"valor":244513.53,"estado_ibge":21,"ano":2007},{"valor":57833.89,"estado_ibge":22,"ano":2007},{"valor":87916.88,"estado_ibge":23,"ano":2007},{"valor":87332.95,"estado_ibge":24,"ano":2007},{"valor":48058.54,"estado_ibge":25,"ano":2007},{"valor":27988.79,"estado_ibge":26,"ano":2007},{"valor":62119.61,"estado_ibge":27,"ano":2007},{"valor":47092.54,"estado_ibge":28,"ano":2007},{"valor":248337.88,"estado_ibge":29,"ano":2007},{"valor":52913.77,"estado_ibge":31,"ano":2007},{"valor":47687.27,"estado_ibge":32,"ano":2007},{"valor":49312.9,"estado_ibge":33,"ano":2007},{"valor":83108.5,"estado_ibge":35,"ano":2007},{"valor":38308.42,"estado_ibge":41,"ano":2007},{"valor":110383.61,"estado_ibge":42,"ano":2007},{"valor":67256,"estado_ibge":43,"ano":2007},{"valor":17233.02,"estado_ibge":50,"ano":2007},{"valor":27372.42,"estado_ibge":51,"ano":2007},{"valor":6578.18,"estado_ibge":52,"ano":2007},{"valor":1135.41,"estado_ibge":53,"ano":2007},{"valor":3544.5,"estado_ibge":11,"ano":2008},{"valor":999.73,"estado_ibge":12,"ano":2008},{"valor":37756.79,"estado_ibge":13,"ano":2008},{"valor":6600.97,"estado_ibge":14,"ano":2008},{"valor":108225.9,"estado_ibge":15,"ano":2008},{"valor":7138.39,"estado_ibge":16,"ano":2008},{"valor":4161.97,"estado_ibge":17,"ano":2008},{"valor":63953.8,"estado_ibge":21,"ano":2008},{"valor":18488.87,"estado_ibge":22,"ano":2008},{"valor":22079.48,"estado_ibge":23,"ano":2008},{"valor":24191.98,"estado_ibge":24,"ano":2008},{"valor":14172.53,"estado_ibge":25,"ano":2008},{"valor":9861.86,"estado_ibge":26,"ano":2008},{"valor":18649.69,"estado_ibge":27,"ano":2008},{"valor":13665.82,"estado_ibge":28,"ano":2008},{"valor":72046.62,"estado_ibge":29,"ano":2008},{"valor":14293.76,"estado_ibge":31,"ano":2008},{"valor":13235.08,"estado_ibge":32,"ano":2008},{"valor":13101.74,"estado_ibge":33,"ano":2008},{"valor":21567.92,"estado_ibge":35,"ano":2008},{"valor":10405.75,"estado_ibge":41,"ano":2008},{"valor":26504.1,"estado_ibge":42,"ano":2008},{"valor":16390.1,"estado_ibge":43,"ano":2008},{"valor":4527.26,"estado_ibge":50,"ano":2008},{"valor":6874.94,"estado_ibge":51,"ano":2008},{"valor":2219.18,"estado_ibge":52,"ano":2008},{"valor":252.14,"estado_ibge":53,"ano":2008},{"valor":3653.4,"estado_ibge":11,"ano":2009},{"valor":1030.45,"estado_ibge":12,"ano":2009},{"valor":39323.8,"estado_ibge":13,"ano":2009},{"valor":6960.27,"estado_ibge":14,"ano":2009},{"valor":113107.92,"estado_ibge":15,"ano":2009},{"valor":6278.9,"estado_ibge":16,"ano":2009},{"valor":4604.84,"estado_ibge":17,"ano":2009},{"valor":68601.23,"estado_ibge":21,"ano":2009},{"valor":21260.32,"estado_ibge":22,"ano":2009},{"valor":20383.12,"estado_ibge":23,"ano":2009},{"valor":21955.2,"estado_ibge":24,"ano":2009},{"valor":13197.3,"estado_ibge":25,"ano":2009},{"valor":9759.37,"estado_ibge":26,"ano":2009},{"valor":20148.79,"estado_ibge":27,"ano":2009},{"valor":14200.11,"estado_ibge":28,"ano":2009},{"valor":71213.27,"estado_ibge":29,"ano":2009},{"valor":13776.7,"estado_ibge":31,"ano":2009},{"valor":11889.93,"estado_ibge":32,"ano":2009},{"valor":12387.62,"estado_ibge":33,"ano":2009},{"valor":21331.23,"estado_ibge":35,"ano":2009},{"valor":9098.93,"estado_ibge":41,"ano":2009},{"valor":26293.3,"estado_ibge":42,"ano":2009},{"valor":14066.4,"estado_ibge":43,"ano":2009},{"valor":4170.62,"estado_ibge":50,"ano":2009},{"valor":6724.59,"estado_ibge":51,"ano":2009},{"valor":2046.14,"estado_ibge":52,"ano":2009},{"valor":212.72,"estado_ibge":53,"ano":2009},{"valor":1499.06,"estado_ibge":11,"ano":2010},{"valor":422.81,"estado_ibge":12,"ano":2010},{"valor":16599.74,"estado_ibge":13,"ano":2010},{"valor":2642.22,"estado_ibge":14,"ano":2010},{"valor":58260.32,"estado_ibge":15,"ano":2010},{"valor":3392.88,"estado_ibge":16,"ano":2010},{"valor":1766.57,"estado_ibge":17,"ano":2010},{"valor":30943.8,"estado_ibge":21,"ano":2010},{"valor":9243.93,"estado_ibge":22,"ano":2010},{"valor":8021.3,"estado_ibge":23,"ano":2010},{"valor":8512.78,"estado_ibge":24,"ano":2010},{"valor":5905.9,"estado_ibge":25,"ano":2010},{"valor":3455.63,"estado_ibge":26,"ano":2010},{"valor":7968.83,"estado_ibge":27,"ano":2010},{"valor":5813.09,"estado_ibge":28,"ano":2010},{"valor":29492.57,"estado_ibge":29,"ano":2010},{"valor":5786.72,"estado_ibge":31,"ano":2010},{"valor":4386.64,"estado_ibge":32,"ano":2010},{"valor":4275.9,"estado_ibge":33,"ano":2010},{"valor":7399.84,"estado_ibge":35,"ano":2010},{"valor":3231.78,"estado_ibge":41,"ano":2010},{"valor":9294.82,"estado_ibge":42,"ano":2010},{"valor":4987.01,"estado_ibge":43,"ano":2010},{"valor":1518.2,"estado_ibge":50,"ano":2010},{"valor":2449.47,"estado_ibge":51,"ano":2010},{"valor":745.13,"estado_ibge":52,"ano":2010},{"valor":61.7,"estado_ibge":53,"ano":2010},{"valor":7769,"estado_ibge":12,"ano":2012},{"valor":31561,"estado_ibge":27,"ano":2012},{"valor":85129,"estado_ibge":13,"ano":2012},{"valor":15601,"estado_ibge":16,"ano":2012},{"valor":125827,"estado_ibge":29,"ano":2012},{"valor":29970,"estado_ibge":23,"ano":2012},{"valor":164,"estado_ibge":53,"ano":2012},{"valor":18177,"estado_ibge":32,"ano":2012},{"valor":2863,"estado_ibge":52,"ano":2012},{"valor":175166,"estado_ibge":21,"ano":2012},{"valor":26388,"estado_ibge":31,"ano":2012},{"valor":9325,"estado_ibge":50,"ano":2012},{"valor":6286,"estado_ibge":51,"ano":2012},{"valor":253085,"estado_ibge":15,"ano":2012},{"valor":25587,"estado_ibge":25,"ano":2012},{"valor":13128,"estado_ibge":26,"ano":2012},{"valor":33130,"estado_ibge":22,"ano":2012},{"valor":10737,"estado_ibge":41,"ano":2012},{"valor":14403,"estado_ibge":33,"ano":2012},{"valor":29468,"estado_ibge":24,"ano":2012},{"valor":7290,"estado_ibge":11,"ano":2012},{"valor":7820,"estado_ibge":14,"ano":2012},{"valor":18168,"estado_ibge":43,"ano":2012},{"valor":35293,"estado_ibge":42,"ano":2012},{"valor":26103,"estado_ibge":28,"ano":2012},{"valor":26496,"estado_ibge":35,"ano":2012},{"valor":7033,"estado_ibge":17,"ano":2012},{"valor":9653,"estado_ibge":12,"ano":2013},{"valor":25929,"estado_ibge":27,"ano":2013},{"valor":78515,"estado_ibge":13,"ano":2013},{"valor":14911,"estado_ibge":16,"ano":2013},{"valor":120674,"estado_ibge":29,"ano":2013},{"valor":26901,"estado_ibge":23,"ano":2013},{"valor":317,"estado_ibge":53,"ano":2013},{"valor":16572,"estado_ibge":32,"ano":2013},{"valor":3534,"estado_ibge":52,"ano":2013},{"valor":151727,"estado_ibge":21,"ano":2013},{"valor":28076,"estado_ibge":31,"ano":2013},{"valor":7575,"estado_ibge":50,"ano":2013},{"valor":9929,"estado_ibge":51,"ano":2013},{"valor":220440,"estado_ibge":15,"ano":2013},{"valor":27600,"estado_ibge":25,"ano":2013},{"valor":14465,"estado_ibge":26,"ano":2013},{"valor":32206,"estado_ibge":22,"ano":2013},{"valor":9858,"estado_ibge":41,"ano":2013},{"valor":13202,"estado_ibge":33,"ano":2013},{"valor":27782,"estado_ibge":24,"ano":2013},{"valor":7351,"estado_ibge":11,"ano":2013},{"valor":7822,"estado_ibge":14,"ano":2013},{"valor":17783,"estado_ibge":43,"ano":2013},{"valor":32261,"estado_ibge":42,"ano":2013},{"valor":26559,"estado_ibge":28,"ano":2013},{"valor":26446,"estado_ibge":35,"ano":2013},{"valor":7422,"estado_ibge":17,"ano":2013}]}