<?xml version="1.0" encoding="UTF-8"?>
<result>
  <url><![CDATA[http://api.pgi.gov.br/api/1/serie/1167.json]]></url>
  <id>1167</id>
  <nome><![CDATA[Valor gasto com registro]]></nome>
  <nome_estendido><![CDATA[Valor gasto com registro de pescadores no Regime Geral da Pesca]]></nome_estendido>
  <descricao><![CDATA[Valor gasto com registro de pescadores no Regime Geral da Pesca - RGP.]]></descricao>
  <inicio><![CDATA[2005]]></inicio>
  <final><![CDATA[2013]]></final>
  <formatacao><![CDATA[2]]></formatacao>
  <data_atualizacao><![CDATA[2014-06-13 19:04:42.611801]]></data_atualizacao>
  <aditividade><![CDATA[1]]></aditividade>
  <url_origem><![CDATA[http://www.mpa.gov.br/]]></url_origem>
  <tempo_aditividade><![CDATA[1]]></tempo_aditividade>
  <portal_dados_abertos>false</portal_dados_abertos>
  <disponibilizacao>
    <disponibilizacao><![CDATA[365 dias]]></disponibilizacao>
    <dias>365</dias>
  </disponibilizacao>
  <estado>
    <estado><![CDATA[Em uso]]></estado>
  </estado>
  <fonte_gestora>
    <url><![CDATA[http://api.pgi.gov.br/api/1/fonte/195.json]]></url>
    <id>195</id>
    <nome><![CDATA[MPA/GABMIN]]></nome>
    <descricao><![CDATA[Gabinete do Ministro]]></descricao>
    <tipo><![CDATA[1]]></tipo>
    <orgao_primeiro_escalao>
      <nome><![CDATA[MPA]]></nome>
      <descricao><![CDATA[Ministério da Pesca e Aquicultura]]></descricao>
    </orgao_primeiro_escalao>
  </fonte_gestora>
  <fonte_provedora>
    <url><![CDATA[http://api.pgi.gov.br/api/1/fonte/195.json]]></url>
    <id>195</id>
    <nome><![CDATA[MPA/GABMIN]]></nome>
    <descricao><![CDATA[Gabinete do Ministro]]></descricao>
    <tipo><![CDATA[1]]></tipo>
    <orgao_primeiro_escalao>
      <nome><![CDATA[MPA]]></nome>
      <descricao><![CDATA[Ministério da Pesca e Aquicultura]]></descricao>
    </orgao_primeiro_escalao>
  </fonte_provedora>
  <grupo_informacao>
    <url><![CDATA[http://api.pgi.gov.br/api/1/grupo/295.json]]></url>
    <id>295</id>
    <nome><![CDATA[Regime Geral da Pesca]]></nome>
  </grupo_informacao>
  <base_territorial>
    <base_territorial><![CDATA[Estadual]]></base_territorial>
  </base_territorial>
  <periodicidade>
    <periodicidade><![CDATA[Anual]]></periodicidade>
  </periodicidade>
  <multiplicador>
    <id>1</id>
    <nome><![CDATA[]]></nome>
  </multiplicador>
  <produto>
    <nome><![CDATA[Valor Aplicado]]></nome>
    <descricao><![CDATA[]]></descricao>
  </produto>
  <publicacao>
    <status_publicacao><![CDATA[Dados Publicados]]></status_publicacao>
  </publicacao>
  <unidade_medida>
    <url><![CDATA[http://api.pgi.gov.br/api/1/unidade/3.json]]></url>
    <id>3</id>
    <nome><![CDATA[Real (R$)]]></nome>
    <unidade_medida><![CDATA[R$]]></unidade_medida>
  </unidade_medida>
  <orgao_primeiro_escalao>
    <nome><![CDATA[MPA]]></nome>
    <descricao><![CDATA[Ministério da Pesca e Aquicultura]]></descricao>
  </orgao_primeiro_escalao>
  <valores>
    <entry>
      <valor>3797</valor>
      <estado_ibge>11</estado_ibge>
      <ano>2005</ano>
    </entry>
    <entry>
      <valor>1070.95</valor>
      <estado_ibge>12</estado_ibge>
      <ano>2005</ano>
    </entry>
    <entry>
      <valor>39347.23</valor>
      <estado_ibge>13</estado_ibge>
      <ano>2005</ano>
    </entry>
    <entry>
      <valor>4832.98</valor>
      <estado_ibge>14</estado_ibge>
      <ano>2005</ano>
    </entry>
    <entry>
      <valor>120379.51</valor>
      <estado_ibge>15</estado_ibge>
      <ano>2005</ano>
    </entry>
    <entry>
      <valor>7741.35</valor>
      <estado_ibge>16</estado_ibge>
      <ano>2005</ano>
    </entry>
    <entry>
      <valor>4276.73</valor>
      <estado_ibge>17</estado_ibge>
      <ano>2005</ano>
    </entry>
    <entry>
      <valor>67091.18</valor>
      <estado_ibge>21</estado_ibge>
      <ano>2005</ano>
    </entry>
    <entry>
      <valor>16882.85</valor>
      <estado_ibge>22</estado_ibge>
      <ano>2005</ano>
    </entry>
    <entry>
      <valor>41303.63</valor>
      <estado_ibge>23</estado_ibge>
      <ano>2005</ano>
    </entry>
    <entry>
      <valor>41070</valor>
      <estado_ibge>24</estado_ibge>
      <ano>2005</ano>
    </entry>
    <entry>
      <valor>25290.11</valor>
      <estado_ibge>25</estado_ibge>
      <ano>2005</ano>
    </entry>
    <entry>
      <valor>12375.67</valor>
      <estado_ibge>26</estado_ibge>
      <ano>2005</ano>
    </entry>
    <entry>
      <valor>17389.83</valor>
      <estado_ibge>27</estado_ibge>
      <ano>2005</ano>
    </entry>
    <entry>
      <valor>20026.43</valor>
      <estado_ibge>28</estado_ibge>
      <ano>2005</ano>
    </entry>
    <entry>
      <valor>78533.95</valor>
      <estado_ibge>29</estado_ibge>
      <ano>2005</ano>
    </entry>
    <entry>
      <valor>26070.44</valor>
      <estado_ibge>31</estado_ibge>
      <ano>2005</ano>
    </entry>
    <entry>
      <valor>21464.73</valor>
      <estado_ibge>32</estado_ibge>
      <ano>2005</ano>
    </entry>
    <entry>
      <valor>30426.64</valor>
      <estado_ibge>33</estado_ibge>
      <ano>2005</ano>
    </entry>
    <entry>
      <valor>69637.19</valor>
      <estado_ibge>35</estado_ibge>
      <ano>2005</ano>
    </entry>
    <entry>
      <valor>18062.09</valor>
      <estado_ibge>41</estado_ibge>
      <ano>2005</ano>
    </entry>
    <entry>
      <valor>65754.6</valor>
      <estado_ibge>42</estado_ibge>
      <ano>2005</ano>
    </entry>
    <entry>
      <valor>44966.9</valor>
      <estado_ibge>43</estado_ibge>
      <ano>2005</ano>
    </entry>
    <entry>
      <valor>8327.79</valor>
      <estado_ibge>50</estado_ibge>
      <ano>2005</ano>
    </entry>
    <entry>
      <valor>8578.9</valor>
      <estado_ibge>51</estado_ibge>
      <ano>2005</ano>
    </entry>
    <entry>
      <valor>321.03</valor>
      <estado_ibge>52</estado_ibge>
      <ano>2005</ano>
    </entry>
    <entry>
      <valor>398.91</valor>
      <estado_ibge>53</estado_ibge>
      <ano>2005</ano>
    </entry>
    <entry>
      <valor>5463.67</valor>
      <estado_ibge>11</estado_ibge>
      <ano>2006</ano>
    </entry>
    <entry>
      <valor>1541.03</valor>
      <estado_ibge>12</estado_ibge>
      <ano>2006</ano>
    </entry>
    <entry>
      <valor>59538.89</valor>
      <estado_ibge>13</estado_ibge>
      <ano>2006</ano>
    </entry>
    <entry>
      <valor>9804.87</valor>
      <estado_ibge>14</estado_ibge>
      <ano>2006</ano>
    </entry>
    <entry>
      <valor>172774.07</valor>
      <estado_ibge>15</estado_ibge>
      <ano>2006</ano>
    </entry>
    <entry>
      <valor>16117.03</valor>
      <estado_ibge>16</estado_ibge>
      <ano>2006</ano>
    </entry>
    <entry>
      <valor>7611.48</valor>
      <estado_ibge>17</estado_ibge>
      <ano>2006</ano>
    </entry>
    <entry>
      <valor>117606.95</valor>
      <estado_ibge>21</estado_ibge>
      <ano>2006</ano>
    </entry>
    <entry>
      <valor>30107.14</valor>
      <estado_ibge>22</estado_ibge>
      <ano>2006</ano>
    </entry>
    <entry>
      <valor>32367</valor>
      <estado_ibge>23</estado_ibge>
      <ano>2006</ano>
    </entry>
    <entry>
      <valor>46970.31</valor>
      <estado_ibge>24</estado_ibge>
      <ano>2006</ano>
    </entry>
    <entry>
      <valor>27761.52</valor>
      <estado_ibge>25</estado_ibge>
      <ano>2006</ano>
    </entry>
    <entry>
      <valor>12414.21</valor>
      <estado_ibge>26</estado_ibge>
      <ano>2006</ano>
    </entry>
    <entry>
      <valor>29991.36</valor>
      <estado_ibge>27</estado_ibge>
      <ano>2006</ano>
    </entry>
    <entry>
      <valor>26625.16</valor>
      <estado_ibge>28</estado_ibge>
      <ano>2006</ano>
    </entry>
    <entry>
      <valor>129695.26</valor>
      <estado_ibge>29</estado_ibge>
      <ano>2006</ano>
    </entry>
    <entry>
      <valor>30165.03</valor>
      <estado_ibge>31</estado_ibge>
      <ano>2006</ano>
    </entry>
    <entry>
      <valor>25992.65</valor>
      <estado_ibge>32</estado_ibge>
      <ano>2006</ano>
    </entry>
    <entry>
      <valor>28539.82</valor>
      <estado_ibge>33</estado_ibge>
      <ano>2006</ano>
    </entry>
    <entry>
      <valor>38383.28</valor>
      <estado_ibge>35</estado_ibge>
      <ano>2006</ano>
    </entry>
    <entry>
      <valor>21472.94</valor>
      <estado_ibge>41</estado_ibge>
      <ano>2006</ano>
    </entry>
    <entry>
      <valor>60555.19</valor>
      <estado_ibge>42</estado_ibge>
      <ano>2006</ano>
    </entry>
    <entry>
      <valor>38932.16</valor>
      <estado_ibge>43</estado_ibge>
      <ano>2006</ano>
    </entry>
    <entry>
      <valor>10126.48</valor>
      <estado_ibge>50</estado_ibge>
      <ano>2006</ano>
    </entry>
    <entry>
      <valor>15407.34</valor>
      <estado_ibge>51</estado_ibge>
      <ano>2006</ano>
    </entry>
    <entry>
      <valor>3357.63</valor>
      <estado_ibge>52</estado_ibge>
      <ano>2006</ano>
    </entry>
    <entry>
      <valor>677.53</valor>
      <estado_ibge>53</estado_ibge>
      <ano>2006</ano>
    </entry>
    <entry>
      <valor>10458.76</valor>
      <estado_ibge>11</estado_ibge>
      <ano>2007</ano>
    </entry>
    <entry>
      <valor>2949.91</valor>
      <estado_ibge>12</estado_ibge>
      <ano>2007</ano>
    </entry>
    <entry>
      <valor>128669.13</valor>
      <estado_ibge>13</estado_ibge>
      <ano>2007</ano>
    </entry>
    <entry>
      <valor>20300.43</valor>
      <estado_ibge>14</estado_ibge>
      <ano>2007</ano>
    </entry>
    <entry>
      <valor>364142.63</valor>
      <estado_ibge>15</estado_ibge>
      <ano>2007</ano>
    </entry>
    <entry>
      <valor>30749.82</valor>
      <estado_ibge>16</estado_ibge>
      <ano>2007</ano>
    </entry>
    <entry>
      <valor>13235.65</valor>
      <estado_ibge>17</estado_ibge>
      <ano>2007</ano>
    </entry>
    <entry>
      <valor>244513.53</valor>
      <estado_ibge>21</estado_ibge>
      <ano>2007</ano>
    </entry>
    <entry>
      <valor>57833.89</valor>
      <estado_ibge>22</estado_ibge>
      <ano>2007</ano>
    </entry>
    <entry>
      <valor>87916.88</valor>
      <estado_ibge>23</estado_ibge>
      <ano>2007</ano>
    </entry>
    <entry>
      <valor>87332.95</valor>
      <estado_ibge>24</estado_ibge>
      <ano>2007</ano>
    </entry>
    <entry>
      <valor>48058.54</valor>
      <estado_ibge>25</estado_ibge>
      <ano>2007</ano>
    </entry>
    <entry>
      <valor>27988.79</valor>
      <estado_ibge>26</estado_ibge>
      <ano>2007</ano>
    </entry>
    <entry>
      <valor>62119.61</valor>
      <estado_ibge>27</estado_ibge>
      <ano>2007</ano>
    </entry>
    <entry>
      <valor>47092.54</valor>
      <estado_ibge>28</estado_ibge>
      <ano>2007</ano>
    </entry>
    <entry>
      <valor>248337.88</valor>
      <estado_ibge>29</estado_ibge>
      <ano>2007</ano>
    </entry>
    <entry>
      <valor>52913.77</valor>
      <estado_ibge>31</estado_ibge>
      <ano>2007</ano>
    </entry>
    <entry>
      <valor>47687.27</valor>
      <estado_ibge>32</estado_ibge>
      <ano>2007</ano>
    </entry>
    <entry>
      <valor>49312.9</valor>
      <estado_ibge>33</estado_ibge>
      <ano>2007</ano>
    </entry>
    <entry>
      <valor>83108.5</valor>
      <estado_ibge>35</estado_ibge>
      <ano>2007</ano>
    </entry>
    <entry>
      <valor>38308.42</valor>
      <estado_ibge>41</estado_ibge>
      <ano>2007</ano>
    </entry>
    <entry>
      <valor>110383.61</valor>
      <estado_ibge>42</estado_ibge>
      <ano>2007</ano>
    </entry>
    <entry>
      <valor>67256</valor>
      <estado_ibge>43</estado_ibge>
      <ano>2007</ano>
    </entry>
    <entry>
      <valor>17233.02</valor>
      <estado_ibge>50</estado_ibge>
      <ano>2007</ano>
    </entry>
    <entry>
      <valor>27372.42</valor>
      <estado_ibge>51</estado_ibge>
      <ano>2007</ano>
    </entry>
    <entry>
      <valor>6578.18</valor>
      <estado_ibge>52</estado_ibge>
      <ano>2007</ano>
    </entry>
    <entry>
      <valor>1135.41</valor>
      <estado_ibge>53</estado_ibge>
      <ano>2007</ano>
    </entry>
    <entry>
      <valor>3544.5</valor>
      <estado_ibge>11</estado_ibge>
      <ano>2008</ano>
    </entry>
    <entry>
      <valor>999.73</valor>
      <estado_ibge>12</estado_ibge>
      <ano>2008</ano>
    </entry>
    <entry>
      <valor>37756.79</valor>
      <estado_ibge>13</estado_ibge>
      <ano>2008</ano>
    </entry>
    <entry>
      <valor>6600.97</valor>
      <estado_ibge>14</estado_ibge>
      <ano>2008</ano>
    </entry>
    <entry>
      <valor>108225.9</valor>
      <estado_ibge>15</estado_ibge>
      <ano>2008</ano>
    </entry>
    <entry>
      <valor>7138.39</valor>
      <estado_ibge>16</estado_ibge>
      <ano>2008</ano>
    </entry>
    <entry>
      <valor>4161.97</valor>
      <estado_ibge>17</estado_ibge>
      <ano>2008</ano>
    </entry>
    <entry>
      <valor>63953.8</valor>
      <estado_ibge>21</estado_ibge>
      <ano>2008</ano>
    </entry>
    <entry>
      <valor>18488.87</valor>
      <estado_ibge>22</estado_ibge>
      <ano>2008</ano>
    </entry>
    <entry>
      <valor>22079.48</valor>
      <estado_ibge>23</estado_ibge>
      <ano>2008</ano>
    </entry>
    <entry>
      <valor>24191.98</valor>
      <estado_ibge>24</estado_ibge>
      <ano>2008</ano>
    </entry>
    <entry>
      <valor>14172.53</valor>
      <estado_ibge>25</estado_ibge>
      <ano>2008</ano>
    </entry>
    <entry>
      <valor>9861.86</valor>
      <estado_ibge>26</estado_ibge>
      <ano>2008</ano>
    </entry>
    <entry>
      <valor>18649.69</valor>
      <estado_ibge>27</estado_ibge>
      <ano>2008</ano>
    </entry>
    <entry>
      <valor>13665.82</valor>
      <estado_ibge>28</estado_ibge>
      <ano>2008</ano>
    </entry>
    <entry>
      <valor>72046.62</valor>
      <estado_ibge>29</estado_ibge>
      <ano>2008</ano>
    </entry>
    <entry>
      <valor>14293.76</valor>
      <estado_ibge>31</estado_ibge>
      <ano>2008</ano>
    </entry>
    <entry>
      <valor>13235.08</valor>
      <estado_ibge>32</estado_ibge>
      <ano>2008</ano>
    </entry>
    <entry>
      <valor>13101.74</valor>
      <estado_ibge>33</estado_ibge>
      <ano>2008</ano>
    </entry>
    <entry>
      <valor>21567.92</valor>
      <estado_ibge>35</estado_ibge>
      <ano>2008</ano>
    </entry>
    <entry>
      <valor>10405.75</valor>
      <estado_ibge>41</estado_ibge>
      <ano>2008</ano>
    </entry>
    <entry>
      <valor>26504.1</valor>
      <estado_ibge>42</estado_ibge>
      <ano>2008</ano>
    </entry>
    <entry>
      <valor>16390.1</valor>
      <estado_ibge>43</estado_ibge>
      <ano>2008</ano>
    </entry>
    <entry>
      <valor>4527.26</valor>
      <estado_ibge>50</estado_ibge>
      <ano>2008</ano>
    </entry>
    <entry>
      <valor>6874.94</valor>
      <estado_ibge>51</estado_ibge>
      <ano>2008</ano>
    </entry>
    <entry>
      <valor>2219.18</valor>
      <estado_ibge>52</estado_ibge>
      <ano>2008</ano>
    </entry>
    <entry>
      <valor>252.14</valor>
      <estado_ibge>53</estado_ibge>
      <ano>2008</ano>
    </entry>
    <entry>
      <valor>3653.4</valor>
      <estado_ibge>11</estado_ibge>
      <ano>2009</ano>
    </entry>
    <entry>
      <valor>1030.45</valor>
      <estado_ibge>12</estado_ibge>
      <ano>2009</ano>
    </entry>
    <entry>
      <valor>39323.8</valor>
      <estado_ibge>13</estado_ibge>
      <ano>2009</ano>
    </entry>
    <entry>
      <valor>6960.27</valor>
      <estado_ibge>14</estado_ibge>
      <ano>2009</ano>
    </entry>
    <entry>
      <valor>113107.92</valor>
      <estado_ibge>15</estado_ibge>
      <ano>2009</ano>
    </entry>
    <entry>
      <valor>6278.9</valor>
      <estado_ibge>16</estado_ibge>
      <ano>2009</ano>
    </entry>
    <entry>
      <valor>4604.84</valor>
      <estado_ibge>17</estado_ibge>
      <ano>2009</ano>
    </entry>
    <entry>
      <valor>68601.23</valor>
      <estado_ibge>21</estado_ibge>
      <ano>2009</ano>
    </entry>
    <entry>
      <valor>21260.32</valor>
      <estado_ibge>22</estado_ibge>
      <ano>2009</ano>
    </entry>
    <entry>
      <valor>20383.12</valor>
      <estado_ibge>23</estado_ibge>
      <ano>2009</ano>
    </entry>
    <entry>
      <valor>21955.2</valor>
      <estado_ibge>24</estado_ibge>
      <ano>2009</ano>
    </entry>
    <entry>
      <valor>13197.3</valor>
      <estado_ibge>25</estado_ibge>
      <ano>2009</ano>
    </entry>
    <entry>
      <valor>9759.37</valor>
      <estado_ibge>26</estado_ibge>
      <ano>2009</ano>
    </entry>
    <entry>
      <valor>20148.79</valor>
      <estado_ibge>27</estado_ibge>
      <ano>2009</ano>
    </entry>
    <entry>
      <valor>14200.11</valor>
      <estado_ibge>28</estado_ibge>
      <ano>2009</ano>
    </entry>
    <entry>
      <valor>71213.27</valor>
      <estado_ibge>29</estado_ibge>
      <ano>2009</ano>
    </entry>
    <entry>
      <valor>13776.7</valor>
      <estado_ibge>31</estado_ibge>
      <ano>2009</ano>
    </entry>
    <entry>
      <valor>11889.93</valor>
      <estado_ibge>32</estado_ibge>
      <ano>2009</ano>
    </entry>
    <entry>
      <valor>12387.62</valor>
      <estado_ibge>33</estado_ibge>
      <ano>2009</ano>
    </entry>
    <entry>
      <valor>21331.23</valor>
      <estado_ibge>35</estado_ibge>
      <ano>2009</ano>
    </entry>
    <entry>
      <valor>9098.93</valor>
      <estado_ibge>41</estado_ibge>
      <ano>2009</ano>
    </entry>
    <entry>
      <valor>26293.3</valor>
      <estado_ibge>42</estado_ibge>
      <ano>2009</ano>
    </entry>
    <entry>
      <valor>14066.4</valor>
      <estado_ibge>43</estado_ibge>
      <ano>2009</ano>
    </entry>
    <entry>
      <valor>4170.62</valor>
      <estado_ibge>50</estado_ibge>
      <ano>2009</ano>
    </entry>
    <entry>
      <valor>6724.59</valor>
      <estado_ibge>51</estado_ibge>
      <ano>2009</ano>
    </entry>
    <entry>
      <valor>2046.14</valor>
      <estado_ibge>52</estado_ibge>
      <ano>2009</ano>
    </entry>
    <entry>
      <valor>212.72</valor>
      <estado_ibge>53</estado_ibge>
      <ano>2009</ano>
    </entry>
    <entry>
      <valor>1499.06</valor>
      <estado_ibge>11</estado_ibge>
      <ano>2010</ano>
    </entry>
    <entry>
      <valor>422.81</valor>
      <estado_ibge>12</estado_ibge>
      <ano>2010</ano>
    </entry>
    <entry>
      <valor>16599.74</valor>
      <estado_ibge>13</estado_ibge>
      <ano>2010</ano>
    </entry>
    <entry>
      <valor>2642.22</valor>
      <estado_ibge>14</estado_ibge>
      <ano>2010</ano>
    </entry>
    <entry>
      <valor>58260.32</valor>
      <estado_ibge>15</estado_ibge>
      <ano>2010</ano>
    </entry>
    <entry>
      <valor>3392.88</valor>
      <estado_ibge>16</estado_ibge>
      <ano>2010</ano>
    </entry>
    <entry>
      <valor>1766.57</valor>
      <estado_ibge>17</estado_ibge>
      <ano>2010</ano>
    </entry>
    <entry>
      <valor>30943.8</valor>
      <estado_ibge>21</estado_ibge>
      <ano>2010</ano>
    </entry>
    <entry>
      <valor>9243.93</valor>
      <estado_ibge>22</estado_ibge>
      <ano>2010</ano>
    </entry>
    <entry>
      <valor>8021.3</valor>
      <estado_ibge>23</estado_ibge>
      <ano>2010</ano>
    </entry>
    <entry>
      <valor>8512.78</valor>
      <estado_ibge>24</estado_ibge>
      <ano>2010</ano>
    </entry>
    <entry>
      <valor>5905.9</valor>
      <estado_ibge>25</estado_ibge>
      <ano>2010</ano>
    </entry>
    <entry>
      <valor>3455.63</valor>
      <estado_ibge>26</estado_ibge>
      <ano>2010</ano>
    </entry>
    <entry>
      <valor>7968.83</valor>
      <estado_ibge>27</estado_ibge>
      <ano>2010</ano>
    </entry>
    <entry>
      <valor>5813.09</valor>
      <estado_ibge>28</estado_ibge>
      <ano>2010</ano>
    </entry>
    <entry>
      <valor>29492.57</valor>
      <estado_ibge>29</estado_ibge>
      <ano>2010</ano>
    </entry>
    <entry>
      <valor>5786.72</valor>
      <estado_ibge>31</estado_ibge>
      <ano>2010</ano>
    </entry>
    <entry>
      <valor>4386.64</valor>
      <estado_ibge>32</estado_ibge>
      <ano>2010</ano>
    </entry>
    <entry>
      <valor>4275.9</valor>
      <estado_ibge>33</estado_ibge>
      <ano>2010</ano>
    </entry>
    <entry>
      <valor>7399.84</valor>
      <estado_ibge>35</estado_ibge>
      <ano>2010</ano>
    </entry>
    <entry>
      <valor>3231.78</valor>
      <estado_ibge>41</estado_ibge>
      <ano>2010</ano>
    </entry>
    <entry>
      <valor>9294.82</valor>
      <estado_ibge>42</estado_ibge>
      <ano>2010</ano>
    </entry>
    <entry>
      <valor>4987.01</valor>
      <estado_ibge>43</estado_ibge>
      <ano>2010</ano>
    </entry>
    <entry>
      <valor>1518.2</valor>
      <estado_ibge>50</estado_ibge>
      <ano>2010</ano>
    </entry>
    <entry>
      <valor>2449.47</valor>
      <estado_ibge>51</estado_ibge>
      <ano>2010</ano>
    </entry>
    <entry>
      <valor>745.13</valor>
      <estado_ibge>52</estado_ibge>
      <ano>2010</ano>
    </entry>
    <entry>
      <valor>61.7</valor>
      <estado_ibge>53</estado_ibge>
      <ano>2010</ano>
    </entry>
    <entry>
      <valor>7769</valor>
      <estado_ibge>12</estado_ibge>
      <ano>2012</ano>
    </entry>
    <entry>
      <valor>31561</valor>
      <estado_ibge>27</estado_ibge>
      <ano>2012</ano>
    </entry>
    <entry>
      <valor>85129</valor>
      <estado_ibge>13</estado_ibge>
      <ano>2012</ano>
    </entry>
    <entry>
      <valor>15601</valor>
      <estado_ibge>16</estado_ibge>
      <ano>2012</ano>
    </entry>
    <entry>
      <valor>125827</valor>
      <estado_ibge>29</estado_ibge>
      <ano>2012</ano>
    </entry>
    <entry>
      <valor>29970</valor>
      <estado_ibge>23</estado_ibge>
      <ano>2012</ano>
    </entry>
    <entry>
      <valor>164</valor>
      <estado_ibge>53</estado_ibge>
      <ano>2012</ano>
    </entry>
    <entry>
      <valor>18177</valor>
      <estado_ibge>32</estado_ibge>
      <ano>2012</ano>
    </entry>
    <entry>
      <valor>2863</valor>
      <estado_ibge>52</estado_ibge>
      <ano>2012</ano>
    </entry>
    <entry>
      <valor>175166</valor>
      <estado_ibge>21</estado_ibge>
      <ano>2012</ano>
    </entry>
    <entry>
      <valor>26388</valor>
      <estado_ibge>31</estado_ibge>
      <ano>2012</ano>
    </entry>
    <entry>
      <valor>9325</valor>
      <estado_ibge>50</estado_ibge>
      <ano>2012</ano>
    </entry>
    <entry>
      <valor>6286</valor>
      <estado_ibge>51</estado_ibge>
      <ano>2012</ano>
    </entry>
    <entry>
      <valor>253085</valor>
      <estado_ibge>15</estado_ibge>
      <ano>2012</ano>
    </entry>
    <entry>
      <valor>25587</valor>
      <estado_ibge>25</estado_ibge>
      <ano>2012</ano>
    </entry>
    <entry>
      <valor>13128</valor>
      <estado_ibge>26</estado_ibge>
      <ano>2012</ano>
    </entry>
    <entry>
      <valor>33130</valor>
      <estado_ibge>22</estado_ibge>
      <ano>2012</ano>
    </entry>
    <entry>
      <valor>10737</valor>
      <estado_ibge>41</estado_ibge>
      <ano>2012</ano>
    </entry>
    <entry>
      <valor>14403</valor>
      <estado_ibge>33</estado_ibge>
      <ano>2012</ano>
    </entry>
    <entry>
      <valor>29468</valor>
      <estado_ibge>24</estado_ibge>
      <ano>2012</ano>
    </entry>
    <entry>
      <valor>7290</valor>
      <estado_ibge>11</estado_ibge>
      <ano>2012</ano>
    </entry>
    <entry>
      <valor>7820</valor>
      <estado_ibge>14</estado_ibge>
      <ano>2012</ano>
    </entry>
    <entry>
      <valor>18168</valor>
      <estado_ibge>43</estado_ibge>
      <ano>2012</ano>
    </entry>
    <entry>
      <valor>35293</valor>
      <estado_ibge>42</estado_ibge>
      <ano>2012</ano>
    </entry>
    <entry>
      <valor>26103</valor>
      <estado_ibge>28</estado_ibge>
      <ano>2012</ano>
    </entry>
    <entry>
      <valor>26496</valor>
      <estado_ibge>35</estado_ibge>
      <ano>2012</ano>
    </entry>
    <entry>
      <valor>7033</valor>
      <estado_ibge>17</estado_ibge>
      <ano>2012</ano>
    </entry>
    <entry>
      <valor>9653</valor>
      <estado_ibge>12</estado_ibge>
      <ano>2013</ano>
    </entry>
    <entry>
      <valor>25929</valor>
      <estado_ibge>27</estado_ibge>
      <ano>2013</ano>
    </entry>
    <entry>
      <valor>78515</valor>
      <estado_ibge>13</estado_ibge>
      <ano>2013</ano>
    </entry>
    <entry>
      <valor>14911</valor>
      <estado_ibge>16</estado_ibge>
      <ano>2013</ano>
    </entry>
    <entry>
      <valor>120674</valor>
      <estado_ibge>29</estado_ibge>
      <ano>2013</ano>
    </entry>
    <entry>
      <valor>26901</valor>
      <estado_ibge>23</estado_ibge>
      <ano>2013</ano>
    </entry>
    <entry>
      <valor>317</valor>
      <estado_ibge>53</estado_ibge>
      <ano>2013</ano>
    </entry>
    <entry>
      <valor>16572</valor>
      <estado_ibge>32</estado_ibge>
      <ano>2013</ano>
    </entry>
    <entry>
      <valor>3534</valor>
      <estado_ibge>52</estado_ibge>
      <ano>2013</ano>
    </entry>
    <entry>
      <valor>151727</valor>
      <estado_ibge>21</estado_ibge>
      <ano>2013</ano>
    </entry>
    <entry>
      <valor>28076</valor>
      <estado_ibge>31</estado_ibge>
      <ano>2013</ano>
    </entry>
    <entry>
      <valor>7575</valor>
      <estado_ibge>50</estado_ibge>
      <ano>2013</ano>
    </entry>
    <entry>
      <valor>9929</valor>
      <estado_ibge>51</estado_ibge>
      <ano>2013</ano>
    </entry>
    <entry>
      <valor>220440</valor>
      <estado_ibge>15</estado_ibge>
      <ano>2013</ano>
    </entry>
    <entry>
      <valor>27600</valor>
      <estado_ibge>25</estado_ibge>
      <ano>2013</ano>
    </entry>
    <entry>
      <valor>14465</valor>
      <estado_ibge>26</estado_ibge>
      <ano>2013</ano>
    </entry>
    <entry>
      <valor>32206</valor>
      <estado_ibge>22</estado_ibge>
      <ano>2013</ano>
    </entry>
    <entry>
      <valor>9858</valor>
      <estado_ibge>41</estado_ibge>
      <ano>2013</ano>
    </entry>
    <entry>
      <valor>13202</valor>
      <estado_ibge>33</estado_ibge>
      <ano>2013</ano>
    </entry>
    <entry>
      <valor>27782</valor>
      <estado_ibge>24</estado_ibge>
      <ano>2013</ano>
    </entry>
    <entry>
      <valor>7351</valor>
      <estado_ibge>11</estado_ibge>
      <ano>2013</ano>
    </entry>
    <entry>
      <valor>7822</valor>
      <estado_ibge>14</estado_ibge>
      <ano>2013</ano>
    </entry>
    <entry>
      <valor>17783</valor>
      <estado_ibge>43</estado_ibge>
      <ano>2013</ano>
    </entry>
    <entry>
      <valor>32261</valor>
      <estado_ibge>42</estado_ibge>
      <ano>2013</ano>
    </entry>
    <entry>
      <valor>26559</valor>
      <estado_ibge>28</estado_ibge>
      <ano>2013</ano>
    </entry>
    <entry>
      <valor>26446</valor>
      <estado_ibge>35</estado_ibge>
      <ano>2013</ano>
    </entry>
    <entry>
      <valor>7422</valor>
      <estado_ibge>17</estado_ibge>
      <ano>2013</ano>
    </entry>
  </valores>
</result>
