{"url":"http:\/\/api.pgi.gov.br\/api\/1\/serie\/1066.json","id":1066,"nome":"Editais de pesquisa pesca","nome_estendido":"Quantidade de editais de pesquisa lan\u00e7ados ou apoiados para o setor da pesca e aquicultura","descricao":"Quantidade de editais de pesquisa lan\u00e7ados ou apoiados para o setor da pesca e aquicultura","inicio":"2003","final":"2013","formatacao":"0","data_atualizacao":"2014-06-13 19:01:42.768203","aditividade":"1","url_origem":"http:\/\/www.mpa.gov.br\/","tempo_aditividade":"1","portal_dados_abertos":false,"disponibilizacao":{"disponibilizacao":"365 dias","dias":365},"estado":{"estado":"Em uso"},"fonte_gestora":{"url":"http:\/\/api.pgi.gov.br\/api\/1\/fonte\/195.json","id":195,"nome":"MPA\/GABMIN","descricao":"Gabinete do Ministro","tipo":"1","orgao_primeiro_escalao":{"nome":"MPA","descricao":"Minist\u00e9rio da Pesca e Aquicultura"}},"fonte_provedora":{"url":"http:\/\/api.pgi.gov.br\/api\/1\/fonte\/195.json","id":195,"nome":"MPA\/GABMIN","descricao":"Gabinete do Ministro","tipo":"1","orgao_primeiro_escalao":{"nome":"MPA","descricao":"Minist\u00e9rio da Pesca e Aquicultura"}},"grupo_informacao":{"url":"http:\/\/api.pgi.gov.br\/api\/1\/grupo\/287.json","id":287,"nome":"Pesquisa e tecnologia na pesca e aquicultura","palavras_chave":[]},"base_territorial":{"base_territorial":"Estadual"},"periodicidade":{"periodicidade":"Anual"},"multiplicador":{"id":1,"nome":""},"produto":{"nome":"Quantidade","descricao":""},"publicacao":{"status_publicacao":"Dados Publicados"},"unidade_medida":{"url":"http:\/\/api.pgi.gov.br\/api\/1\/unidade\/4.json","id":4,"nome":"Unidade","unidade_medida":"Un"},"orgao_primeiro_escalao":{"nome":"MPA","descricao":"Minist\u00e9rio da Pesca e Aquicultura"},"valores":[{"valor":0,"estado_ibge":11,"ano":2003},{"valor":1,"estado_ibge":12,"ano":2003},{"valor":4,"estado_ibge":13,"ano":2003},{"valor":0,"estado_ibge":14,"ano":2003},{"valor":2,"estado_ibge":15,"ano":2003},{"valor":0,"estado_ibge":16,"ano":2003},{"valor":0,"estado_ibge":17,"ano":2003},{"valor":0,"estado_ibge":21,"ano":2003},{"valor":0,"estado_ibge":22,"ano":2003},{"valor":7,"estado_ibge":23,"ano":2003},{"valor":3,"estado_ibge":24,"ano":2003},{"valor":0,"estado_ibge":25,"ano":2003},{"valor":4,"estado_ibge":26,"ano":2003},{"valor":0,"estado_ibge":27,"ano":2003},{"valor":0,"estado_ibge":28,"ano":2003},{"valor":1,"estado_ibge":29,"ano":2003},{"valor":0,"estado_ibge":31,"ano":2003},{"valor":2,"estado_ibge":32,"ano":2003},{"valor":0,"estado_ibge":33,"ano":2003},{"valor":6,"estado_ibge":35,"ano":2003},{"valor":1,"estado_ibge":41,"ano":2003},{"valor":3,"estado_ibge":42,"ano":2003},{"valor":5,"estado_ibge":43,"ano":2003},{"valor":0,"estado_ibge":50,"ano":2003},{"valor":0,"estado_ibge":51,"ano":2003},{"valor":0,"estado_ibge":52,"ano":2003},{"valor":0,"estado_ibge":53,"ano":2003},{"valor":0,"estado_ibge":11,"ano":2005},{"valor":1,"estado_ibge":12,"ano":2005},{"valor":4,"estado_ibge":13,"ano":2005},{"valor":0,"estado_ibge":14,"ano":2005},{"valor":3,"estado_ibge":15,"ano":2005},{"valor":0,"estado_ibge":16,"ano":2005},{"valor":0,"estado_ibge":17,"ano":2005},{"valor":0,"estado_ibge":21,"ano":2005},{"valor":0,"estado_ibge":22,"ano":2005},{"valor":0,"estado_ibge":23,"ano":2005},{"valor":2,"estado_ibge":24,"ano":2005},{"valor":0,"estado_ibge":25,"ano":2005},{"valor":1,"estado_ibge":26,"ano":2005},{"valor":1,"estado_ibge":27,"ano":2005},{"valor":0,"estado_ibge":28,"ano":2005},{"valor":1,"estado_ibge":29,"ano":2005},{"valor":0,"estado_ibge":31,"ano":2005},{"valor":0,"estado_ibge":32,"ano":2005},{"valor":0,"estado_ibge":33,"ano":2005},{"valor":6,"estado_ibge":35,"ano":2005},{"valor":2,"estado_ibge":41,"ano":2005},{"valor":6,"estado_ibge":42,"ano":2005},{"valor":4,"estado_ibge":43,"ano":2005},{"valor":0,"estado_ibge":50,"ano":2005},{"valor":0,"estado_ibge":51,"ano":2005},{"valor":1,"estado_ibge":52,"ano":2005},{"valor":0,"estado_ibge":53,"ano":2005},{"valor":0,"estado_ibge":11,"ano":2006},{"valor":0,"estado_ibge":12,"ano":2006},{"valor":6,"estado_ibge":13,"ano":2006},{"valor":0,"estado_ibge":14,"ano":2006},{"valor":1,"estado_ibge":15,"ano":2006},{"valor":0,"estado_ibge":16,"ano":2006},{"valor":2,"estado_ibge":17,"ano":2006},{"valor":0,"estado_ibge":21,"ano":2006},{"valor":0,"estado_ibge":22,"ano":2006},{"valor":0,"estado_ibge":23,"ano":2006},{"valor":0,"estado_ibge":24,"ano":2006},{"valor":0,"estado_ibge":25,"ano":2006},{"valor":0,"estado_ibge":26,"ano":2006},{"valor":0,"estado_ibge":27,"ano":2006},{"valor":0,"estado_ibge":28,"ano":2006},{"valor":0,"estado_ibge":29,"ano":2006},{"valor":0,"estado_ibge":31,"ano":2006},{"valor":0,"estado_ibge":32,"ano":2006},{"valor":0,"estado_ibge":33,"ano":2006},{"valor":0,"estado_ibge":35,"ano":2006},{"valor":0,"estado_ibge":41,"ano":2006},{"valor":0,"estado_ibge":42,"ano":2006},{"valor":0,"estado_ibge":43,"ano":2006},{"valor":0,"estado_ibge":50,"ano":2006},{"valor":1,"estado_ibge":51,"ano":2006},{"valor":0,"estado_ibge":52,"ano":2006},{"valor":0,"estado_ibge":53,"ano":2006},{"valor":0,"estado_ibge":11,"ano":2007},{"valor":0,"estado_ibge":12,"ano":2007},{"valor":0,"estado_ibge":13,"ano":2007},{"valor":0,"estado_ibge":14,"ano":2007},{"valor":0,"estado_ibge":15,"ano":2007},{"valor":0,"estado_ibge":16,"ano":2007},{"valor":0,"estado_ibge":17,"ano":2007},{"valor":0,"estado_ibge":21,"ano":2007},{"valor":0,"estado_ibge":22,"ano":2007},{"valor":1,"estado_ibge":23,"ano":2007},{"valor":0,"estado_ibge":24,"ano":2007},{"valor":1,"estado_ibge":25,"ano":2007},{"valor":0,"estado_ibge":26,"ano":2007},{"valor":0,"estado_ibge":27,"ano":2007},{"valor":0,"estado_ibge":28,"ano":2007},{"valor":0,"estado_ibge":29,"ano":2007},{"valor":2,"estado_ibge":31,"ano":2007},{"valor":0,"estado_ibge":32,"ano":2007},{"valor":0,"estado_ibge":33,"ano":2007},{"valor":0,"estado_ibge":35,"ano":2007},{"valor":0,"estado_ibge":41,"ano":2007},{"valor":3,"estado_ibge":42,"ano":2007},{"valor":3,"estado_ibge":43,"ano":2007},{"valor":0,"estado_ibge":50,"ano":2007},{"valor":0,"estado_ibge":51,"ano":2007},{"valor":0,"estado_ibge":52,"ano":2007},{"valor":0,"estado_ibge":53,"ano":2007},{"valor":0,"estado_ibge":11,"ano":2008},{"valor":0,"estado_ibge":12,"ano":2008},{"valor":9,"estado_ibge":13,"ano":2008},{"valor":0,"estado_ibge":14,"ano":2008},{"valor":2,"estado_ibge":15,"ano":2008},{"valor":0,"estado_ibge":16,"ano":2008},{"valor":1,"estado_ibge":17,"ano":2008},{"valor":0,"estado_ibge":21,"ano":2008},{"valor":0,"estado_ibge":22,"ano":2008},{"valor":0,"estado_ibge":23,"ano":2008},{"valor":2,"estado_ibge":24,"ano":2008},{"valor":1,"estado_ibge":25,"ano":2008},{"valor":2,"estado_ibge":26,"ano":2008},{"valor":3,"estado_ibge":27,"ano":2008},{"valor":0,"estado_ibge":28,"ano":2008},{"valor":2,"estado_ibge":29,"ano":2008},{"valor":0,"estado_ibge":31,"ano":2008},{"valor":0,"estado_ibge":32,"ano":2008},{"valor":2,"estado_ibge":33,"ano":2008},{"valor":6,"estado_ibge":35,"ano":2008},{"valor":3,"estado_ibge":41,"ano":2008},{"valor":7,"estado_ibge":42,"ano":2008},{"valor":8,"estado_ibge":43,"ano":2008},{"valor":0,"estado_ibge":50,"ano":2008},{"valor":0,"estado_ibge":51,"ano":2008},{"valor":2,"estado_ibge":52,"ano":2008},{"valor":0,"estado_ibge":53,"ano":2008},{"valor":0,"estado_ibge":11,"ano":2009},{"valor":0,"estado_ibge":12,"ano":2009},{"valor":0,"estado_ibge":13,"ano":2009},{"valor":0,"estado_ibge":14,"ano":2009},{"valor":1,"estado_ibge":15,"ano":2009},{"valor":0,"estado_ibge":16,"ano":2009},{"valor":0,"estado_ibge":17,"ano":2009},{"valor":0,"estado_ibge":21,"ano":2009},{"valor":0,"estado_ibge":22,"ano":2009},{"valor":3,"estado_ibge":23,"ano":2009},{"valor":0,"estado_ibge":24,"ano":2009},{"valor":1,"estado_ibge":25,"ano":2009},{"valor":3,"estado_ibge":26,"ano":2009},{"valor":0,"estado_ibge":27,"ano":2009},{"valor":0,"estado_ibge":28,"ano":2009},{"valor":0,"estado_ibge":29,"ano":2009},{"valor":0,"estado_ibge":31,"ano":2009},{"valor":1,"estado_ibge":32,"ano":2009},{"valor":0,"estado_ibge":33,"ano":2009},{"valor":2,"estado_ibge":35,"ano":2009},{"valor":0,"estado_ibge":41,"ano":2009},{"valor":2,"estado_ibge":42,"ano":2009},{"valor":2,"estado_ibge":43,"ano":2009},{"valor":0,"estado_ibge":50,"ano":2009},{"valor":0,"estado_ibge":51,"ano":2009},{"valor":0,"estado_ibge":52,"ano":2009},{"valor":0,"estado_ibge":53,"ano":2009},{"valor":1,"estado_ibge":27,"ano":2010},{"valor":4,"estado_ibge":13,"ano":2010},{"valor":1,"estado_ibge":29,"ano":2010},{"valor":7,"estado_ibge":23,"ano":2010},{"valor":1,"estado_ibge":32,"ano":2010},{"valor":1,"estado_ibge":21,"ano":2010},{"valor":15,"estado_ibge":31,"ano":2010},{"valor":1,"estado_ibge":50,"ano":2010},{"valor":1,"estado_ibge":51,"ano":2010},{"valor":4,"estado_ibge":15,"ano":2010},{"valor":8,"estado_ibge":26,"ano":2010},{"valor":12,"estado_ibge":41,"ano":2010},{"valor":5,"estado_ibge":33,"ano":2010},{"valor":4,"estado_ibge":24,"ano":2010},{"valor":14,"estado_ibge":43,"ano":2010},{"valor":11,"estado_ibge":42,"ano":2010},{"valor":1,"estado_ibge":28,"ano":2010},{"valor":17,"estado_ibge":35,"ano":2010},{"valor":1,"estado_ibge":27,"ano":2012},{"valor":1,"estado_ibge":13,"ano":2012},{"valor":6,"estado_ibge":23,"ano":2012},{"valor":1,"estado_ibge":32,"ano":2012},{"valor":4,"estado_ibge":31,"ano":2012},{"valor":1,"estado_ibge":51,"ano":2012},{"valor":2,"estado_ibge":15,"ano":2012},{"valor":1,"estado_ibge":25,"ano":2012},{"valor":6,"estado_ibge":26,"ano":2012},{"valor":8,"estado_ibge":41,"ano":2012},{"valor":3,"estado_ibge":33,"ano":2012},{"valor":3,"estado_ibge":24,"ano":2012},{"valor":6,"estado_ibge":43,"ano":2012},{"valor":12,"estado_ibge":42,"ano":2012},{"valor":2,"estado_ibge":28,"ano":2012},{"valor":9,"estado_ibge":35,"ano":2012},{"valor":1,"estado_ibge":16,"ano":2013},{"valor":1,"estado_ibge":23,"ano":2013},{"valor":1,"estado_ibge":53,"ano":2013},{"valor":1,"estado_ibge":31,"ano":2013},{"valor":1,"estado_ibge":50,"ano":2013},{"valor":1,"estado_ibge":15,"ano":2013},{"valor":1,"estado_ibge":26,"ano":2013},{"valor":1,"estado_ibge":11,"ano":2013},{"valor":3,"estado_ibge":42,"ano":2013},{"valor":1,"estado_ibge":35,"ano":2013},{"valor":1,"estado_ibge":17,"ano":2013}]}