<?xml version="1.0" encoding="UTF-8"?>
<result>
  <url><![CDATA[http://api.pgi.gov.br/api/1/serie/1066.json]]></url>
  <id>1066</id>
  <nome><![CDATA[Editais de pesquisa pesca]]></nome>
  <nome_estendido><![CDATA[Quantidade de editais de pesquisa lançados ou apoiados para o setor da pesca e aquicultura]]></nome_estendido>
  <descricao><![CDATA[Quantidade de editais de pesquisa lançados ou apoiados para o setor da pesca e aquicultura]]></descricao>
  <inicio><![CDATA[2003]]></inicio>
  <final><![CDATA[2013]]></final>
  <formatacao><![CDATA[0]]></formatacao>
  <data_atualizacao><![CDATA[2014-06-13 19:01:42.768203]]></data_atualizacao>
  <aditividade><![CDATA[1]]></aditividade>
  <url_origem><![CDATA[http://www.mpa.gov.br/]]></url_origem>
  <tempo_aditividade><![CDATA[1]]></tempo_aditividade>
  <portal_dados_abertos>false</portal_dados_abertos>
  <disponibilizacao>
    <disponibilizacao><![CDATA[365 dias]]></disponibilizacao>
    <dias>365</dias>
  </disponibilizacao>
  <estado>
    <estado><![CDATA[Em uso]]></estado>
  </estado>
  <fonte_gestora>
    <url><![CDATA[http://api.pgi.gov.br/api/1/fonte/195.json]]></url>
    <id>195</id>
    <nome><![CDATA[MPA/GABMIN]]></nome>
    <descricao><![CDATA[Gabinete do Ministro]]></descricao>
    <tipo><![CDATA[1]]></tipo>
    <orgao_primeiro_escalao>
      <nome><![CDATA[MPA]]></nome>
      <descricao><![CDATA[Ministério da Pesca e Aquicultura]]></descricao>
    </orgao_primeiro_escalao>
  </fonte_gestora>
  <fonte_provedora>
    <url><![CDATA[http://api.pgi.gov.br/api/1/fonte/195.json]]></url>
    <id>195</id>
    <nome><![CDATA[MPA/GABMIN]]></nome>
    <descricao><![CDATA[Gabinete do Ministro]]></descricao>
    <tipo><![CDATA[1]]></tipo>
    <orgao_primeiro_escalao>
      <nome><![CDATA[MPA]]></nome>
      <descricao><![CDATA[Ministério da Pesca e Aquicultura]]></descricao>
    </orgao_primeiro_escalao>
  </fonte_provedora>
  <grupo_informacao>
    <url><![CDATA[http://api.pgi.gov.br/api/1/grupo/287.json]]></url>
    <id>287</id>
    <nome><![CDATA[Pesquisa e tecnologia na pesca e aquicultura]]></nome>
  </grupo_informacao>
  <base_territorial>
    <base_territorial><![CDATA[Estadual]]></base_territorial>
  </base_territorial>
  <periodicidade>
    <periodicidade><![CDATA[Anual]]></periodicidade>
  </periodicidade>
  <multiplicador>
    <id>1</id>
    <nome><![CDATA[]]></nome>
  </multiplicador>
  <produto>
    <nome><![CDATA[Quantidade]]></nome>
    <descricao><![CDATA[]]></descricao>
  </produto>
  <publicacao>
    <status_publicacao><![CDATA[Dados Publicados]]></status_publicacao>
  </publicacao>
  <unidade_medida>
    <url><![CDATA[http://api.pgi.gov.br/api/1/unidade/4.json]]></url>
    <id>4</id>
    <nome><![CDATA[Unidade]]></nome>
    <unidade_medida><![CDATA[Un]]></unidade_medida>
  </unidade_medida>
  <orgao_primeiro_escalao>
    <nome><![CDATA[MPA]]></nome>
    <descricao><![CDATA[Ministério da Pesca e Aquicultura]]></descricao>
  </orgao_primeiro_escalao>
  <valores>
    <entry>
      <valor>0</valor>
      <estado_ibge>11</estado_ibge>
      <ano>2003</ano>
    </entry>
    <entry>
      <valor>1</valor>
      <estado_ibge>12</estado_ibge>
      <ano>2003</ano>
    </entry>
    <entry>
      <valor>4</valor>
      <estado_ibge>13</estado_ibge>
      <ano>2003</ano>
    </entry>
    <entry>
      <valor>0</valor>
      <estado_ibge>14</estado_ibge>
      <ano>2003</ano>
    </entry>
    <entry>
      <valor>2</valor>
      <estado_ibge>15</estado_ibge>
      <ano>2003</ano>
    </entry>
    <entry>
      <valor>0</valor>
      <estado_ibge>16</estado_ibge>
      <ano>2003</ano>
    </entry>
    <entry>
      <valor>0</valor>
      <estado_ibge>17</estado_ibge>
      <ano>2003</ano>
    </entry>
    <entry>
      <valor>0</valor>
      <estado_ibge>21</estado_ibge>
      <ano>2003</ano>
    </entry>
    <entry>
      <valor>0</valor>
      <estado_ibge>22</estado_ibge>
      <ano>2003</ano>
    </entry>
    <entry>
      <valor>7</valor>
      <estado_ibge>23</estado_ibge>
      <ano>2003</ano>
    </entry>
    <entry>
      <valor>3</valor>
      <estado_ibge>24</estado_ibge>
      <ano>2003</ano>
    </entry>
    <entry>
      <valor>0</valor>
      <estado_ibge>25</estado_ibge>
      <ano>2003</ano>
    </entry>
    <entry>
      <valor>4</valor>
      <estado_ibge>26</estado_ibge>
      <ano>2003</ano>
    </entry>
    <entry>
      <valor>0</valor>
      <estado_ibge>27</estado_ibge>
      <ano>2003</ano>
    </entry>
    <entry>
      <valor>0</valor>
      <estado_ibge>28</estado_ibge>
      <ano>2003</ano>
    </entry>
    <entry>
      <valor>1</valor>
      <estado_ibge>29</estado_ibge>
      <ano>2003</ano>
    </entry>
    <entry>
      <valor>0</valor>
      <estado_ibge>31</estado_ibge>
      <ano>2003</ano>
    </entry>
    <entry>
      <valor>2</valor>
      <estado_ibge>32</estado_ibge>
      <ano>2003</ano>
    </entry>
    <entry>
      <valor>0</valor>
      <estado_ibge>33</estado_ibge>
      <ano>2003</ano>
    </entry>
    <entry>
      <valor>6</valor>
      <estado_ibge>35</estado_ibge>
      <ano>2003</ano>
    </entry>
    <entry>
      <valor>1</valor>
      <estado_ibge>41</estado_ibge>
      <ano>2003</ano>
    </entry>
    <entry>
      <valor>3</valor>
      <estado_ibge>42</estado_ibge>
      <ano>2003</ano>
    </entry>
    <entry>
      <valor>5</valor>
      <estado_ibge>43</estado_ibge>
      <ano>2003</ano>
    </entry>
    <entry>
      <valor>0</valor>
      <estado_ibge>50</estado_ibge>
      <ano>2003</ano>
    </entry>
    <entry>
      <valor>0</valor>
      <estado_ibge>51</estado_ibge>
      <ano>2003</ano>
    </entry>
    <entry>
      <valor>0</valor>
      <estado_ibge>52</estado_ibge>
      <ano>2003</ano>
    </entry>
    <entry>
      <valor>0</valor>
      <estado_ibge>53</estado_ibge>
      <ano>2003</ano>
    </entry>
    <entry>
      <valor>0</valor>
      <estado_ibge>11</estado_ibge>
      <ano>2005</ano>
    </entry>
    <entry>
      <valor>1</valor>
      <estado_ibge>12</estado_ibge>
      <ano>2005</ano>
    </entry>
    <entry>
      <valor>4</valor>
      <estado_ibge>13</estado_ibge>
      <ano>2005</ano>
    </entry>
    <entry>
      <valor>0</valor>
      <estado_ibge>14</estado_ibge>
      <ano>2005</ano>
    </entry>
    <entry>
      <valor>3</valor>
      <estado_ibge>15</estado_ibge>
      <ano>2005</ano>
    </entry>
    <entry>
      <valor>0</valor>
      <estado_ibge>16</estado_ibge>
      <ano>2005</ano>
    </entry>
    <entry>
      <valor>0</valor>
      <estado_ibge>17</estado_ibge>
      <ano>2005</ano>
    </entry>
    <entry>
      <valor>0</valor>
      <estado_ibge>21</estado_ibge>
      <ano>2005</ano>
    </entry>
    <entry>
      <valor>0</valor>
      <estado_ibge>22</estado_ibge>
      <ano>2005</ano>
    </entry>
    <entry>
      <valor>0</valor>
      <estado_ibge>23</estado_ibge>
      <ano>2005</ano>
    </entry>
    <entry>
      <valor>2</valor>
      <estado_ibge>24</estado_ibge>
      <ano>2005</ano>
    </entry>
    <entry>
      <valor>0</valor>
      <estado_ibge>25</estado_ibge>
      <ano>2005</ano>
    </entry>
    <entry>
      <valor>1</valor>
      <estado_ibge>26</estado_ibge>
      <ano>2005</ano>
    </entry>
    <entry>
      <valor>1</valor>
      <estado_ibge>27</estado_ibge>
      <ano>2005</ano>
    </entry>
    <entry>
      <valor>0</valor>
      <estado_ibge>28</estado_ibge>
      <ano>2005</ano>
    </entry>
    <entry>
      <valor>1</valor>
      <estado_ibge>29</estado_ibge>
      <ano>2005</ano>
    </entry>
    <entry>
      <valor>0</valor>
      <estado_ibge>31</estado_ibge>
      <ano>2005</ano>
    </entry>
    <entry>
      <valor>0</valor>
      <estado_ibge>32</estado_ibge>
      <ano>2005</ano>
    </entry>
    <entry>
      <valor>0</valor>
      <estado_ibge>33</estado_ibge>
      <ano>2005</ano>
    </entry>
    <entry>
      <valor>6</valor>
      <estado_ibge>35</estado_ibge>
      <ano>2005</ano>
    </entry>
    <entry>
      <valor>2</valor>
      <estado_ibge>41</estado_ibge>
      <ano>2005</ano>
    </entry>
    <entry>
      <valor>6</valor>
      <estado_ibge>42</estado_ibge>
      <ano>2005</ano>
    </entry>
    <entry>
      <valor>4</valor>
      <estado_ibge>43</estado_ibge>
      <ano>2005</ano>
    </entry>
    <entry>
      <valor>0</valor>
      <estado_ibge>50</estado_ibge>
      <ano>2005</ano>
    </entry>
    <entry>
      <valor>0</valor>
      <estado_ibge>51</estado_ibge>
      <ano>2005</ano>
    </entry>
    <entry>
      <valor>1</valor>
      <estado_ibge>52</estado_ibge>
      <ano>2005</ano>
    </entry>
    <entry>
      <valor>0</valor>
      <estado_ibge>53</estado_ibge>
      <ano>2005</ano>
    </entry>
    <entry>
      <valor>0</valor>
      <estado_ibge>11</estado_ibge>
      <ano>2006</ano>
    </entry>
    <entry>
      <valor>0</valor>
      <estado_ibge>12</estado_ibge>
      <ano>2006</ano>
    </entry>
    <entry>
      <valor>6</valor>
      <estado_ibge>13</estado_ibge>
      <ano>2006</ano>
    </entry>
    <entry>
      <valor>0</valor>
      <estado_ibge>14</estado_ibge>
      <ano>2006</ano>
    </entry>
    <entry>
      <valor>1</valor>
      <estado_ibge>15</estado_ibge>
      <ano>2006</ano>
    </entry>
    <entry>
      <valor>0</valor>
      <estado_ibge>16</estado_ibge>
      <ano>2006</ano>
    </entry>
    <entry>
      <valor>2</valor>
      <estado_ibge>17</estado_ibge>
      <ano>2006</ano>
    </entry>
    <entry>
      <valor>0</valor>
      <estado_ibge>21</estado_ibge>
      <ano>2006</ano>
    </entry>
    <entry>
      <valor>0</valor>
      <estado_ibge>22</estado_ibge>
      <ano>2006</ano>
    </entry>
    <entry>
      <valor>0</valor>
      <estado_ibge>23</estado_ibge>
      <ano>2006</ano>
    </entry>
    <entry>
      <valor>0</valor>
      <estado_ibge>24</estado_ibge>
      <ano>2006</ano>
    </entry>
    <entry>
      <valor>0</valor>
      <estado_ibge>25</estado_ibge>
      <ano>2006</ano>
    </entry>
    <entry>
      <valor>0</valor>
      <estado_ibge>26</estado_ibge>
      <ano>2006</ano>
    </entry>
    <entry>
      <valor>0</valor>
      <estado_ibge>27</estado_ibge>
      <ano>2006</ano>
    </entry>
    <entry>
      <valor>0</valor>
      <estado_ibge>28</estado_ibge>
      <ano>2006</ano>
    </entry>
    <entry>
      <valor>0</valor>
      <estado_ibge>29</estado_ibge>
      <ano>2006</ano>
    </entry>
    <entry>
      <valor>0</valor>
      <estado_ibge>31</estado_ibge>
      <ano>2006</ano>
    </entry>
    <entry>
      <valor>0</valor>
      <estado_ibge>32</estado_ibge>
      <ano>2006</ano>
    </entry>
    <entry>
      <valor>0</valor>
      <estado_ibge>33</estado_ibge>
      <ano>2006</ano>
    </entry>
    <entry>
      <valor>0</valor>
      <estado_ibge>35</estado_ibge>
      <ano>2006</ano>
    </entry>
    <entry>
      <valor>0</valor>
      <estado_ibge>41</estado_ibge>
      <ano>2006</ano>
    </entry>
    <entry>
      <valor>0</valor>
      <estado_ibge>42</estado_ibge>
      <ano>2006</ano>
    </entry>
    <entry>
      <valor>0</valor>
      <estado_ibge>43</estado_ibge>
      <ano>2006</ano>
    </entry>
    <entry>
      <valor>0</valor>
      <estado_ibge>50</estado_ibge>
      <ano>2006</ano>
    </entry>
    <entry>
      <valor>1</valor>
      <estado_ibge>51</estado_ibge>
      <ano>2006</ano>
    </entry>
    <entry>
      <valor>0</valor>
      <estado_ibge>52</estado_ibge>
      <ano>2006</ano>
    </entry>
    <entry>
      <valor>0</valor>
      <estado_ibge>53</estado_ibge>
      <ano>2006</ano>
    </entry>
    <entry>
      <valor>0</valor>
      <estado_ibge>11</estado_ibge>
      <ano>2007</ano>
    </entry>
    <entry>
      <valor>0</valor>
      <estado_ibge>12</estado_ibge>
      <ano>2007</ano>
    </entry>
    <entry>
      <valor>0</valor>
      <estado_ibge>13</estado_ibge>
      <ano>2007</ano>
    </entry>
    <entry>
      <valor>0</valor>
      <estado_ibge>14</estado_ibge>
      <ano>2007</ano>
    </entry>
    <entry>
      <valor>0</valor>
      <estado_ibge>15</estado_ibge>
      <ano>2007</ano>
    </entry>
    <entry>
      <valor>0</valor>
      <estado_ibge>16</estado_ibge>
      <ano>2007</ano>
    </entry>
    <entry>
      <valor>0</valor>
      <estado_ibge>17</estado_ibge>
      <ano>2007</ano>
    </entry>
    <entry>
      <valor>0</valor>
      <estado_ibge>21</estado_ibge>
      <ano>2007</ano>
    </entry>
    <entry>
      <valor>0</valor>
      <estado_ibge>22</estado_ibge>
      <ano>2007</ano>
    </entry>
    <entry>
      <valor>1</valor>
      <estado_ibge>23</estado_ibge>
      <ano>2007</ano>
    </entry>
    <entry>
      <valor>0</valor>
      <estado_ibge>24</estado_ibge>
      <ano>2007</ano>
    </entry>
    <entry>
      <valor>1</valor>
      <estado_ibge>25</estado_ibge>
      <ano>2007</ano>
    </entry>
    <entry>
      <valor>0</valor>
      <estado_ibge>26</estado_ibge>
      <ano>2007</ano>
    </entry>
    <entry>
      <valor>0</valor>
      <estado_ibge>27</estado_ibge>
      <ano>2007</ano>
    </entry>
    <entry>
      <valor>0</valor>
      <estado_ibge>28</estado_ibge>
      <ano>2007</ano>
    </entry>
    <entry>
      <valor>0</valor>
      <estado_ibge>29</estado_ibge>
      <ano>2007</ano>
    </entry>
    <entry>
      <valor>2</valor>
      <estado_ibge>31</estado_ibge>
      <ano>2007</ano>
    </entry>
    <entry>
      <valor>0</valor>
      <estado_ibge>32</estado_ibge>
      <ano>2007</ano>
    </entry>
    <entry>
      <valor>0</valor>
      <estado_ibge>33</estado_ibge>
      <ano>2007</ano>
    </entry>
    <entry>
      <valor>0</valor>
      <estado_ibge>35</estado_ibge>
      <ano>2007</ano>
    </entry>
    <entry>
      <valor>0</valor>
      <estado_ibge>41</estado_ibge>
      <ano>2007</ano>
    </entry>
    <entry>
      <valor>3</valor>
      <estado_ibge>42</estado_ibge>
      <ano>2007</ano>
    </entry>
    <entry>
      <valor>3</valor>
      <estado_ibge>43</estado_ibge>
      <ano>2007</ano>
    </entry>
    <entry>
      <valor>0</valor>
      <estado_ibge>50</estado_ibge>
      <ano>2007</ano>
    </entry>
    <entry>
      <valor>0</valor>
      <estado_ibge>51</estado_ibge>
      <ano>2007</ano>
    </entry>
    <entry>
      <valor>0</valor>
      <estado_ibge>52</estado_ibge>
      <ano>2007</ano>
    </entry>
    <entry>
      <valor>0</valor>
      <estado_ibge>53</estado_ibge>
      <ano>2007</ano>
    </entry>
    <entry>
      <valor>0</valor>
      <estado_ibge>11</estado_ibge>
      <ano>2008</ano>
    </entry>
    <entry>
      <valor>0</valor>
      <estado_ibge>12</estado_ibge>
      <ano>2008</ano>
    </entry>
    <entry>
      <valor>9</valor>
      <estado_ibge>13</estado_ibge>
      <ano>2008</ano>
    </entry>
    <entry>
      <valor>0</valor>
      <estado_ibge>14</estado_ibge>
      <ano>2008</ano>
    </entry>
    <entry>
      <valor>2</valor>
      <estado_ibge>15</estado_ibge>
      <ano>2008</ano>
    </entry>
    <entry>
      <valor>0</valor>
      <estado_ibge>16</estado_ibge>
      <ano>2008</ano>
    </entry>
    <entry>
      <valor>1</valor>
      <estado_ibge>17</estado_ibge>
      <ano>2008</ano>
    </entry>
    <entry>
      <valor>0</valor>
      <estado_ibge>21</estado_ibge>
      <ano>2008</ano>
    </entry>
    <entry>
      <valor>0</valor>
      <estado_ibge>22</estado_ibge>
      <ano>2008</ano>
    </entry>
    <entry>
      <valor>0</valor>
      <estado_ibge>23</estado_ibge>
      <ano>2008</ano>
    </entry>
    <entry>
      <valor>2</valor>
      <estado_ibge>24</estado_ibge>
      <ano>2008</ano>
    </entry>
    <entry>
      <valor>1</valor>
      <estado_ibge>25</estado_ibge>
      <ano>2008</ano>
    </entry>
    <entry>
      <valor>2</valor>
      <estado_ibge>26</estado_ibge>
      <ano>2008</ano>
    </entry>
    <entry>
      <valor>3</valor>
      <estado_ibge>27</estado_ibge>
      <ano>2008</ano>
    </entry>
    <entry>
      <valor>0</valor>
      <estado_ibge>28</estado_ibge>
      <ano>2008</ano>
    </entry>
    <entry>
      <valor>2</valor>
      <estado_ibge>29</estado_ibge>
      <ano>2008</ano>
    </entry>
    <entry>
      <valor>0</valor>
      <estado_ibge>31</estado_ibge>
      <ano>2008</ano>
    </entry>
    <entry>
      <valor>0</valor>
      <estado_ibge>32</estado_ibge>
      <ano>2008</ano>
    </entry>
    <entry>
      <valor>2</valor>
      <estado_ibge>33</estado_ibge>
      <ano>2008</ano>
    </entry>
    <entry>
      <valor>6</valor>
      <estado_ibge>35</estado_ibge>
      <ano>2008</ano>
    </entry>
    <entry>
      <valor>3</valor>
      <estado_ibge>41</estado_ibge>
      <ano>2008</ano>
    </entry>
    <entry>
      <valor>7</valor>
      <estado_ibge>42</estado_ibge>
      <ano>2008</ano>
    </entry>
    <entry>
      <valor>8</valor>
      <estado_ibge>43</estado_ibge>
      <ano>2008</ano>
    </entry>
    <entry>
      <valor>0</valor>
      <estado_ibge>50</estado_ibge>
      <ano>2008</ano>
    </entry>
    <entry>
      <valor>0</valor>
      <estado_ibge>51</estado_ibge>
      <ano>2008</ano>
    </entry>
    <entry>
      <valor>2</valor>
      <estado_ibge>52</estado_ibge>
      <ano>2008</ano>
    </entry>
    <entry>
      <valor>0</valor>
      <estado_ibge>53</estado_ibge>
      <ano>2008</ano>
    </entry>
    <entry>
      <valor>0</valor>
      <estado_ibge>11</estado_ibge>
      <ano>2009</ano>
    </entry>
    <entry>
      <valor>0</valor>
      <estado_ibge>12</estado_ibge>
      <ano>2009</ano>
    </entry>
    <entry>
      <valor>0</valor>
      <estado_ibge>13</estado_ibge>
      <ano>2009</ano>
    </entry>
    <entry>
      <valor>0</valor>
      <estado_ibge>14</estado_ibge>
      <ano>2009</ano>
    </entry>
    <entry>
      <valor>1</valor>
      <estado_ibge>15</estado_ibge>
      <ano>2009</ano>
    </entry>
    <entry>
      <valor>0</valor>
      <estado_ibge>16</estado_ibge>
      <ano>2009</ano>
    </entry>
    <entry>
      <valor>0</valor>
      <estado_ibge>17</estado_ibge>
      <ano>2009</ano>
    </entry>
    <entry>
      <valor>0</valor>
      <estado_ibge>21</estado_ibge>
      <ano>2009</ano>
    </entry>
    <entry>
      <valor>0</valor>
      <estado_ibge>22</estado_ibge>
      <ano>2009</ano>
    </entry>
    <entry>
      <valor>3</valor>
      <estado_ibge>23</estado_ibge>
      <ano>2009</ano>
    </entry>
    <entry>
      <valor>0</valor>
      <estado_ibge>24</estado_ibge>
      <ano>2009</ano>
    </entry>
    <entry>
      <valor>1</valor>
      <estado_ibge>25</estado_ibge>
      <ano>2009</ano>
    </entry>
    <entry>
      <valor>3</valor>
      <estado_ibge>26</estado_ibge>
      <ano>2009</ano>
    </entry>
    <entry>
      <valor>0</valor>
      <estado_ibge>27</estado_ibge>
      <ano>2009</ano>
    </entry>
    <entry>
      <valor>0</valor>
      <estado_ibge>28</estado_ibge>
      <ano>2009</ano>
    </entry>
    <entry>
      <valor>0</valor>
      <estado_ibge>29</estado_ibge>
      <ano>2009</ano>
    </entry>
    <entry>
      <valor>0</valor>
      <estado_ibge>31</estado_ibge>
      <ano>2009</ano>
    </entry>
    <entry>
      <valor>1</valor>
      <estado_ibge>32</estado_ibge>
      <ano>2009</ano>
    </entry>
    <entry>
      <valor>0</valor>
      <estado_ibge>33</estado_ibge>
      <ano>2009</ano>
    </entry>
    <entry>
      <valor>2</valor>
      <estado_ibge>35</estado_ibge>
      <ano>2009</ano>
    </entry>
    <entry>
      <valor>0</valor>
      <estado_ibge>41</estado_ibge>
      <ano>2009</ano>
    </entry>
    <entry>
      <valor>2</valor>
      <estado_ibge>42</estado_ibge>
      <ano>2009</ano>
    </entry>
    <entry>
      <valor>2</valor>
      <estado_ibge>43</estado_ibge>
      <ano>2009</ano>
    </entry>
    <entry>
      <valor>0</valor>
      <estado_ibge>50</estado_ibge>
      <ano>2009</ano>
    </entry>
    <entry>
      <valor>0</valor>
      <estado_ibge>51</estado_ibge>
      <ano>2009</ano>
    </entry>
    <entry>
      <valor>0</valor>
      <estado_ibge>52</estado_ibge>
      <ano>2009</ano>
    </entry>
    <entry>
      <valor>0</valor>
      <estado_ibge>53</estado_ibge>
      <ano>2009</ano>
    </entry>
    <entry>
      <valor>1</valor>
      <estado_ibge>27</estado_ibge>
      <ano>2010</ano>
    </entry>
    <entry>
      <valor>4</valor>
      <estado_ibge>13</estado_ibge>
      <ano>2010</ano>
    </entry>
    <entry>
      <valor>1</valor>
      <estado_ibge>29</estado_ibge>
      <ano>2010</ano>
    </entry>
    <entry>
      <valor>7</valor>
      <estado_ibge>23</estado_ibge>
      <ano>2010</ano>
    </entry>
    <entry>
      <valor>1</valor>
      <estado_ibge>32</estado_ibge>
      <ano>2010</ano>
    </entry>
    <entry>
      <valor>1</valor>
      <estado_ibge>21</estado_ibge>
      <ano>2010</ano>
    </entry>
    <entry>
      <valor>15</valor>
      <estado_ibge>31</estado_ibge>
      <ano>2010</ano>
    </entry>
    <entry>
      <valor>1</valor>
      <estado_ibge>50</estado_ibge>
      <ano>2010</ano>
    </entry>
    <entry>
      <valor>1</valor>
      <estado_ibge>51</estado_ibge>
      <ano>2010</ano>
    </entry>
    <entry>
      <valor>4</valor>
      <estado_ibge>15</estado_ibge>
      <ano>2010</ano>
    </entry>
    <entry>
      <valor>8</valor>
      <estado_ibge>26</estado_ibge>
      <ano>2010</ano>
    </entry>
    <entry>
      <valor>12</valor>
      <estado_ibge>41</estado_ibge>
      <ano>2010</ano>
    </entry>
    <entry>
      <valor>5</valor>
      <estado_ibge>33</estado_ibge>
      <ano>2010</ano>
    </entry>
    <entry>
      <valor>4</valor>
      <estado_ibge>24</estado_ibge>
      <ano>2010</ano>
    </entry>
    <entry>
      <valor>14</valor>
      <estado_ibge>43</estado_ibge>
      <ano>2010</ano>
    </entry>
    <entry>
      <valor>11</valor>
      <estado_ibge>42</estado_ibge>
      <ano>2010</ano>
    </entry>
    <entry>
      <valor>1</valor>
      <estado_ibge>28</estado_ibge>
      <ano>2010</ano>
    </entry>
    <entry>
      <valor>17</valor>
      <estado_ibge>35</estado_ibge>
      <ano>2010</ano>
    </entry>
    <entry>
      <valor>1</valor>
      <estado_ibge>27</estado_ibge>
      <ano>2012</ano>
    </entry>
    <entry>
      <valor>1</valor>
      <estado_ibge>13</estado_ibge>
      <ano>2012</ano>
    </entry>
    <entry>
      <valor>6</valor>
      <estado_ibge>23</estado_ibge>
      <ano>2012</ano>
    </entry>
    <entry>
      <valor>1</valor>
      <estado_ibge>32</estado_ibge>
      <ano>2012</ano>
    </entry>
    <entry>
      <valor>4</valor>
      <estado_ibge>31</estado_ibge>
      <ano>2012</ano>
    </entry>
    <entry>
      <valor>1</valor>
      <estado_ibge>51</estado_ibge>
      <ano>2012</ano>
    </entry>
    <entry>
      <valor>2</valor>
      <estado_ibge>15</estado_ibge>
      <ano>2012</ano>
    </entry>
    <entry>
      <valor>1</valor>
      <estado_ibge>25</estado_ibge>
      <ano>2012</ano>
    </entry>
    <entry>
      <valor>6</valor>
      <estado_ibge>26</estado_ibge>
      <ano>2012</ano>
    </entry>
    <entry>
      <valor>8</valor>
      <estado_ibge>41</estado_ibge>
      <ano>2012</ano>
    </entry>
    <entry>
      <valor>3</valor>
      <estado_ibge>33</estado_ibge>
      <ano>2012</ano>
    </entry>
    <entry>
      <valor>3</valor>
      <estado_ibge>24</estado_ibge>
      <ano>2012</ano>
    </entry>
    <entry>
      <valor>6</valor>
      <estado_ibge>43</estado_ibge>
      <ano>2012</ano>
    </entry>
    <entry>
      <valor>12</valor>
      <estado_ibge>42</estado_ibge>
      <ano>2012</ano>
    </entry>
    <entry>
      <valor>2</valor>
      <estado_ibge>28</estado_ibge>
      <ano>2012</ano>
    </entry>
    <entry>
      <valor>9</valor>
      <estado_ibge>35</estado_ibge>
      <ano>2012</ano>
    </entry>
    <entry>
      <valor>1</valor>
      <estado_ibge>16</estado_ibge>
      <ano>2013</ano>
    </entry>
    <entry>
      <valor>1</valor>
      <estado_ibge>23</estado_ibge>
      <ano>2013</ano>
    </entry>
    <entry>
      <valor>1</valor>
      <estado_ibge>53</estado_ibge>
      <ano>2013</ano>
    </entry>
    <entry>
      <valor>1</valor>
      <estado_ibge>31</estado_ibge>
      <ano>2013</ano>
    </entry>
    <entry>
      <valor>1</valor>
      <estado_ibge>50</estado_ibge>
      <ano>2013</ano>
    </entry>
    <entry>
      <valor>1</valor>
      <estado_ibge>15</estado_ibge>
      <ano>2013</ano>
    </entry>
    <entry>
      <valor>1</valor>
      <estado_ibge>26</estado_ibge>
      <ano>2013</ano>
    </entry>
    <entry>
      <valor>1</valor>
      <estado_ibge>11</estado_ibge>
      <ano>2013</ano>
    </entry>
    <entry>
      <valor>3</valor>
      <estado_ibge>42</estado_ibge>
      <ano>2013</ano>
    </entry>
    <entry>
      <valor>1</valor>
      <estado_ibge>35</estado_ibge>
      <ano>2013</ano>
    </entry>
    <entry>
      <valor>1</valor>
      <estado_ibge>17</estado_ibge>
      <ano>2013</ano>
    </entry>
  </valores>
</result>
