{"url":"http:\/\/api.pgi.gov.br\/api\/1\/serie\/1068.json","id":1068,"nome":"Valor repassado editais pesca","nome_estendido":"Recursos repassados via editais de pesquisa na \u00e1rea de pesca e aquicultura","descricao":"Recursos repassados via editais de pesquisa na \u00e1rea de pesca e aquicultura","inicio":"2003","final":"2013","formatacao":"2","data_atualizacao":"2014-06-13 19:01:51.805389","aditividade":"1","url_origem":"http:\/\/www.mpa.gov.br\/","tempo_aditividade":"1","portal_dados_abertos":false,"disponibilizacao":{"disponibilizacao":"365 dias","dias":365},"estado":{"estado":"Em uso"},"fonte_gestora":{"url":"http:\/\/api.pgi.gov.br\/api\/1\/fonte\/195.json","id":195,"nome":"MPA\/GABMIN","descricao":"Gabinete do Ministro","tipo":"1","orgao_primeiro_escalao":{"nome":"MPA","descricao":"Minist\u00e9rio da Pesca e Aquicultura"}},"fonte_provedora":{"url":"http:\/\/api.pgi.gov.br\/api\/1\/fonte\/195.json","id":195,"nome":"MPA\/GABMIN","descricao":"Gabinete do Ministro","tipo":"1","orgao_primeiro_escalao":{"nome":"MPA","descricao":"Minist\u00e9rio da Pesca e Aquicultura"}},"grupo_informacao":{"url":"http:\/\/api.pgi.gov.br\/api\/1\/grupo\/287.json","id":287,"nome":"Pesquisa e tecnologia na pesca e aquicultura","palavras_chave":[]},"base_territorial":{"base_territorial":"Estadual"},"periodicidade":{"periodicidade":"Anual"},"multiplicador":{"id":1,"nome":""},"produto":{"nome":"Valor Repassado"},"publicacao":{"status_publicacao":"Dados Publicados"},"unidade_medida":{"url":"http:\/\/api.pgi.gov.br\/api\/1\/unidade\/3.json","id":3,"nome":"Real (R$)","unidade_medida":"R$"},"orgao_primeiro_escalao":{"nome":"MPA","descricao":"Minist\u00e9rio da Pesca e Aquicultura"},"valores":[{"valor":0,"estado_ibge":11,"ano":2003},{"valor":78152.26,"estado_ibge":12,"ano":2003},{"valor":219438.24,"estado_ibge":13,"ano":2003},{"valor":0,"estado_ibge":14,"ano":2003},{"valor":117293.44,"estado_ibge":15,"ano":2003},{"valor":0,"estado_ibge":17,"ano":2003},{"valor":0,"estado_ibge":21,"ano":2003},{"valor":0,"estado_ibge":22,"ano":2003},{"valor":396601.85,"estado_ibge":23,"ano":2003},{"valor":78943.25,"estado_ibge":24,"ano":2003},{"valor":0,"estado_ibge":25,"ano":2003},{"valor":140255.01,"estado_ibge":26,"ano":2003},{"valor":0,"estado_ibge":27,"ano":2003},{"valor":0,"estado_ibge":28,"ano":2003},{"valor":40400,"estado_ibge":29,"ano":2003},{"valor":0,"estado_ibge":31,"ano":2003},{"valor":41414.4,"estado_ibge":32,"ano":2003},{"valor":0,"estado_ibge":33,"ano":2003},{"valor":299203.54,"estado_ibge":35,"ano":2003},{"valor":20542.26,"estado_ibge":41,"ano":2003},{"valor":212519.69,"estado_ibge":42,"ano":2003},{"valor":386260.09,"estado_ibge":43,"ano":2003},{"valor":0,"estado_ibge":50,"ano":2003},{"valor":0,"estado_ibge":51,"ano":2003},{"valor":0,"estado_ibge":52,"ano":2003},{"valor":0,"estado_ibge":11,"ano":2005},{"valor":70462,"estado_ibge":12,"ano":2005},{"valor":490239.7,"estado_ibge":13,"ano":2005},{"valor":0,"estado_ibge":14,"ano":2005},{"valor":332008.9,"estado_ibge":15,"ano":2005},{"valor":0,"estado_ibge":16,"ano":2005},{"valor":0,"estado_ibge":17,"ano":2005},{"valor":0,"estado_ibge":21,"ano":2005},{"valor":0,"estado_ibge":22,"ano":2005},{"valor":0,"estado_ibge":23,"ano":2005},{"valor":156582.62,"estado_ibge":24,"ano":2005},{"valor":0,"estado_ibge":25,"ano":2005},{"valor":101563.33,"estado_ibge":26,"ano":2005},{"valor":81921.04,"estado_ibge":27,"ano":2005},{"valor":0,"estado_ibge":28,"ano":2005},{"valor":64109.4,"estado_ibge":29,"ano":2005},{"valor":0,"estado_ibge":31,"ano":2005},{"valor":0,"estado_ibge":32,"ano":2005},{"valor":0,"estado_ibge":33,"ano":2005},{"valor":526325,"estado_ibge":35,"ano":2005},{"valor":301810,"estado_ibge":41,"ano":2005},{"valor":980532.8,"estado_ibge":42,"ano":2005},{"valor":292412.41,"estado_ibge":43,"ano":2005},{"valor":0,"estado_ibge":50,"ano":2005},{"valor":0,"estado_ibge":51,"ano":2005},{"valor":89664,"estado_ibge":52,"ano":2005},{"valor":0,"estado_ibge":53,"ano":2005},{"valor":0,"estado_ibge":11,"ano":2006},{"valor":0,"estado_ibge":12,"ano":2006},{"valor":815498.58,"estado_ibge":13,"ano":2006},{"valor":0,"estado_ibge":14,"ano":2006},{"valor":139500,"estado_ibge":15,"ano":2006},{"valor":0,"estado_ibge":16,"ano":2006},{"valor":201254.9,"estado_ibge":17,"ano":2006},{"valor":0,"estado_ibge":21,"ano":2006},{"valor":0,"estado_ibge":22,"ano":2006},{"valor":0,"estado_ibge":23,"ano":2006},{"valor":0,"estado_ibge":24,"ano":2006},{"valor":0,"estado_ibge":25,"ano":2006},{"valor":0,"estado_ibge":26,"ano":2006},{"valor":0,"estado_ibge":27,"ano":2006},{"valor":0,"estado_ibge":28,"ano":2006},{"valor":0,"estado_ibge":29,"ano":2006},{"valor":0,"estado_ibge":31,"ano":2006},{"valor":0,"estado_ibge":32,"ano":2006},{"valor":0,"estado_ibge":33,"ano":2006},{"valor":0,"estado_ibge":35,"ano":2006},{"valor":0,"estado_ibge":41,"ano":2006},{"valor":0,"estado_ibge":42,"ano":2006},{"valor":0,"estado_ibge":43,"ano":2006},{"valor":0,"estado_ibge":50,"ano":2006},{"valor":143747,"estado_ibge":51,"ano":2006},{"valor":0,"estado_ibge":52,"ano":2006},{"valor":0,"estado_ibge":53,"ano":2006},{"valor":0,"estado_ibge":11,"ano":2007},{"valor":0,"estado_ibge":12,"ano":2007},{"valor":0,"estado_ibge":13,"ano":2007},{"valor":0,"estado_ibge":14,"ano":2007},{"valor":0,"estado_ibge":15,"ano":2007},{"valor":0,"estado_ibge":16,"ano":2007},{"valor":0,"estado_ibge":17,"ano":2007},{"valor":0,"estado_ibge":21,"ano":2007},{"valor":0,"estado_ibge":22,"ano":2007},{"valor":92631.5,"estado_ibge":23,"ano":2007},{"valor":0,"estado_ibge":24,"ano":2007},{"valor":98720.2,"estado_ibge":25,"ano":2007},{"valor":0,"estado_ibge":26,"ano":2007},{"valor":0,"estado_ibge":27,"ano":2007},{"valor":0,"estado_ibge":28,"ano":2007},{"valor":0,"estado_ibge":29,"ano":2007},{"valor":139732.43,"estado_ibge":31,"ano":2007},{"valor":0,"estado_ibge":32,"ano":2007},{"valor":0,"estado_ibge":33,"ano":2007},{"valor":0,"estado_ibge":35,"ano":2007},{"valor":0,"estado_ibge":41,"ano":2007},{"valor":349322.59,"estado_ibge":42,"ano":2007},{"valor":354288.37,"estado_ibge":43,"ano":2007},{"valor":0,"estado_ibge":50,"ano":2007},{"valor":0,"estado_ibge":51,"ano":2007},{"valor":0,"estado_ibge":52,"ano":2007},{"valor":0,"estado_ibge":53,"ano":2007},{"valor":0,"estado_ibge":11,"ano":2008},{"valor":0,"estado_ibge":12,"ano":2008},{"valor":1075381.1,"estado_ibge":13,"ano":2008},{"valor":0,"estado_ibge":14,"ano":2008},{"valor":237736.36,"estado_ibge":15,"ano":2008},{"valor":0,"estado_ibge":16,"ano":2008},{"valor":122368.5,"estado_ibge":17,"ano":2008},{"valor":0,"estado_ibge":21,"ano":2008},{"valor":0,"estado_ibge":22,"ano":2008},{"valor":0,"estado_ibge":23,"ano":2008},{"valor":261444.52,"estado_ibge":24,"ano":2008},{"valor":139075.36,"estado_ibge":25,"ano":2008},{"valor":149376.07,"estado_ibge":26,"ano":2008},{"valor":211755.87,"estado_ibge":27,"ano":2008},{"valor":0,"estado_ibge":28,"ano":2008},{"valor":978322.4,"estado_ibge":29,"ano":2008},{"valor":0,"estado_ibge":31,"ano":2008},{"valor":0,"estado_ibge":32,"ano":2008},{"valor":184756.8,"estado_ibge":33,"ano":2008},{"valor":1022469.84,"estado_ibge":35,"ano":2008},{"valor":883631.53,"estado_ibge":41,"ano":2008},{"valor":1111965.11,"estado_ibge":42,"ano":2008},{"valor":1948481.89,"estado_ibge":43,"ano":2008},{"valor":0,"estado_ibge":50,"ano":2008},{"valor":0,"estado_ibge":51,"ano":2008},{"valor":349315.12,"estado_ibge":52,"ano":2008},{"valor":0,"estado_ibge":53,"ano":2008},{"valor":0,"estado_ibge":11,"ano":2009},{"valor":0,"estado_ibge":12,"ano":2009},{"valor":0,"estado_ibge":13,"ano":2009},{"valor":0,"estado_ibge":14,"ano":2009},{"valor":199992.84,"estado_ibge":15,"ano":2009},{"valor":0,"estado_ibge":16,"ano":2009},{"valor":0,"estado_ibge":17,"ano":2009},{"valor":0,"estado_ibge":21,"ano":2009},{"valor":0,"estado_ibge":22,"ano":2009},{"valor":1557110.73,"estado_ibge":23,"ano":2009},{"valor":0,"estado_ibge":24,"ano":2009},{"valor":171711.24,"estado_ibge":25,"ano":2009},{"valor":1346583.62,"estado_ibge":26,"ano":2009},{"valor":0,"estado_ibge":27,"ano":2009},{"valor":0,"estado_ibge":28,"ano":2009},{"valor":0,"estado_ibge":29,"ano":2009},{"valor":0,"estado_ibge":31,"ano":2009},{"valor":285663.13,"estado_ibge":32,"ano":2009},{"valor":0,"estado_ibge":33,"ano":2009},{"valor":458917.29,"estado_ibge":35,"ano":2009},{"valor":0,"estado_ibge":41,"ano":2009},{"valor":488834.46,"estado_ibge":42,"ano":2009},{"valor":2560215.02,"estado_ibge":43,"ano":2009},{"valor":0,"estado_ibge":50,"ano":2009},{"valor":0,"estado_ibge":51,"ano":2009},{"valor":0,"estado_ibge":52,"ano":2009},{"valor":0,"estado_ibge":53,"ano":2009},{"valor":0,"estado_ibge":12,"ano":2010},{"valor":523400,"estado_ibge":27,"ano":2010},{"valor":890010,"estado_ibge":13,"ano":2010},{"valor":0,"estado_ibge":16,"ano":2010},{"valor":948452.3,"estado_ibge":29,"ano":2010},{"valor":2199199.71,"estado_ibge":23,"ano":2010},{"valor":0,"estado_ibge":53,"ano":2010},{"valor":37440,"estado_ibge":32,"ano":2010},{"valor":0,"estado_ibge":52,"ano":2010},{"valor":741484,"estado_ibge":21,"ano":2010},{"valor":4448145.11,"estado_ibge":31,"ano":2010},{"valor":46080,"estado_ibge":50,"ano":2010},{"valor":758988.47,"estado_ibge":51,"ano":2010},{"valor":2362881.01,"estado_ibge":15,"ano":2010},{"valor":0,"estado_ibge":25,"ano":2010},{"valor":1758117.1,"estado_ibge":26,"ano":2010},{"valor":0,"estado_ibge":22,"ano":2010},{"valor":4185232.42,"estado_ibge":41,"ano":2010},{"valor":3128639.05,"estado_ibge":33,"ano":2010},{"valor":1367611.12,"estado_ibge":24,"ano":2010},{"valor":0,"estado_ibge":11,"ano":2010},{"valor":0,"estado_ibge":14,"ano":2010},{"valor":5823791.32,"estado_ibge":43,"ano":2010},{"valor":2267884.42,"estado_ibge":42,"ano":2010},{"valor":46080,"estado_ibge":28,"ano":2010},{"valor":3576980.95,"estado_ibge":35,"ano":2010},{"valor":0,"estado_ibge":17,"ano":2010},{"valor":104000,"estado_ibge":27,"ano":2012},{"valor":205944.43,"estado_ibge":13,"ano":2012},{"valor":1106023.32,"estado_ibge":23,"ano":2012},{"valor":20000,"estado_ibge":32,"ano":2012},{"valor":687519.74,"estado_ibge":31,"ano":2012},{"valor":168433.98,"estado_ibge":51,"ano":2012},{"valor":325272.14,"estado_ibge":15,"ano":2012},{"valor":127306,"estado_ibge":25,"ano":2012},{"valor":874060.02,"estado_ibge":26,"ano":2012},{"valor":735210.25,"estado_ibge":41,"ano":2012},{"valor":291171.74,"estado_ibge":33,"ano":2012},{"valor":512193.66,"estado_ibge":24,"ano":2012},{"valor":879608.17,"estado_ibge":43,"ano":2012},{"valor":1748952.72,"estado_ibge":42,"ano":2012},{"valor":361396.48,"estado_ibge":28,"ano":2012},{"valor":1604479.07,"estado_ibge":35,"ano":2012},{"valor":174517.3,"estado_ibge":16,"ano":2013},{"valor":137280,"estado_ibge":23,"ano":2013},{"valor":163867.5,"estado_ibge":53,"ano":2013},{"valor":144148,"estado_ibge":31,"ano":2013},{"valor":189756.83,"estado_ibge":50,"ano":2013},{"valor":200000,"estado_ibge":15,"ano":2013},{"valor":185081,"estado_ibge":26,"ano":2013},{"valor":199426.04,"estado_ibge":11,"ano":2013},{"valor":473833.56,"estado_ibge":42,"ano":2013},{"valor":132517,"estado_ibge":35,"ano":2013},{"valor":171622,"estado_ibge":17,"ano":2013}]}