<?xml version="1.0" encoding="UTF-8"?>
<result>
  <url><![CDATA[http://api.pgi.gov.br/api/1/serie/1068.json]]></url>
  <id>1068</id>
  <nome><![CDATA[Valor repassado editais pesca]]></nome>
  <nome_estendido><![CDATA[Recursos repassados via editais de pesquisa na área de pesca e aquicultura]]></nome_estendido>
  <descricao><![CDATA[Recursos repassados via editais de pesquisa na área de pesca e aquicultura]]></descricao>
  <inicio><![CDATA[2003]]></inicio>
  <final><![CDATA[2013]]></final>
  <formatacao><![CDATA[2]]></formatacao>
  <data_atualizacao><![CDATA[2014-06-13 19:01:51.805389]]></data_atualizacao>
  <aditividade><![CDATA[1]]></aditividade>
  <url_origem><![CDATA[http://www.mpa.gov.br/]]></url_origem>
  <tempo_aditividade><![CDATA[1]]></tempo_aditividade>
  <portal_dados_abertos>false</portal_dados_abertos>
  <disponibilizacao>
    <disponibilizacao><![CDATA[365 dias]]></disponibilizacao>
    <dias>365</dias>
  </disponibilizacao>
  <estado>
    <estado><![CDATA[Em uso]]></estado>
  </estado>
  <fonte_gestora>
    <url><![CDATA[http://api.pgi.gov.br/api/1/fonte/195.json]]></url>
    <id>195</id>
    <nome><![CDATA[MPA/GABMIN]]></nome>
    <descricao><![CDATA[Gabinete do Ministro]]></descricao>
    <tipo><![CDATA[1]]></tipo>
    <orgao_primeiro_escalao>
      <nome><![CDATA[MPA]]></nome>
      <descricao><![CDATA[Ministério da Pesca e Aquicultura]]></descricao>
    </orgao_primeiro_escalao>
  </fonte_gestora>
  <fonte_provedora>
    <url><![CDATA[http://api.pgi.gov.br/api/1/fonte/195.json]]></url>
    <id>195</id>
    <nome><![CDATA[MPA/GABMIN]]></nome>
    <descricao><![CDATA[Gabinete do Ministro]]></descricao>
    <tipo><![CDATA[1]]></tipo>
    <orgao_primeiro_escalao>
      <nome><![CDATA[MPA]]></nome>
      <descricao><![CDATA[Ministério da Pesca e Aquicultura]]></descricao>
    </orgao_primeiro_escalao>
  </fonte_provedora>
  <grupo_informacao>
    <url><![CDATA[http://api.pgi.gov.br/api/1/grupo/287.json]]></url>
    <id>287</id>
    <nome><![CDATA[Pesquisa e tecnologia na pesca e aquicultura]]></nome>
  </grupo_informacao>
  <base_territorial>
    <base_territorial><![CDATA[Estadual]]></base_territorial>
  </base_territorial>
  <periodicidade>
    <periodicidade><![CDATA[Anual]]></periodicidade>
  </periodicidade>
  <multiplicador>
    <id>1</id>
    <nome><![CDATA[]]></nome>
  </multiplicador>
  <produto>
    <nome><![CDATA[Valor Repassado]]></nome>
  </produto>
  <publicacao>
    <status_publicacao><![CDATA[Dados Publicados]]></status_publicacao>
  </publicacao>
  <unidade_medida>
    <url><![CDATA[http://api.pgi.gov.br/api/1/unidade/3.json]]></url>
    <id>3</id>
    <nome><![CDATA[Real (R$)]]></nome>
    <unidade_medida><![CDATA[R$]]></unidade_medida>
  </unidade_medida>
  <orgao_primeiro_escalao>
    <nome><![CDATA[MPA]]></nome>
    <descricao><![CDATA[Ministério da Pesca e Aquicultura]]></descricao>
  </orgao_primeiro_escalao>
  <valores>
    <entry>
      <valor>0</valor>
      <estado_ibge>11</estado_ibge>
      <ano>2003</ano>
    </entry>
    <entry>
      <valor>78152.26</valor>
      <estado_ibge>12</estado_ibge>
      <ano>2003</ano>
    </entry>
    <entry>
      <valor>219438.24</valor>
      <estado_ibge>13</estado_ibge>
      <ano>2003</ano>
    </entry>
    <entry>
      <valor>0</valor>
      <estado_ibge>14</estado_ibge>
      <ano>2003</ano>
    </entry>
    <entry>
      <valor>117293.44</valor>
      <estado_ibge>15</estado_ibge>
      <ano>2003</ano>
    </entry>
    <entry>
      <valor>0</valor>
      <estado_ibge>17</estado_ibge>
      <ano>2003</ano>
    </entry>
    <entry>
      <valor>0</valor>
      <estado_ibge>21</estado_ibge>
      <ano>2003</ano>
    </entry>
    <entry>
      <valor>0</valor>
      <estado_ibge>22</estado_ibge>
      <ano>2003</ano>
    </entry>
    <entry>
      <valor>396601.85</valor>
      <estado_ibge>23</estado_ibge>
      <ano>2003</ano>
    </entry>
    <entry>
      <valor>78943.25</valor>
      <estado_ibge>24</estado_ibge>
      <ano>2003</ano>
    </entry>
    <entry>
      <valor>0</valor>
      <estado_ibge>25</estado_ibge>
      <ano>2003</ano>
    </entry>
    <entry>
      <valor>140255.01</valor>
      <estado_ibge>26</estado_ibge>
      <ano>2003</ano>
    </entry>
    <entry>
      <valor>0</valor>
      <estado_ibge>27</estado_ibge>
      <ano>2003</ano>
    </entry>
    <entry>
      <valor>0</valor>
      <estado_ibge>28</estado_ibge>
      <ano>2003</ano>
    </entry>
    <entry>
      <valor>40400</valor>
      <estado_ibge>29</estado_ibge>
      <ano>2003</ano>
    </entry>
    <entry>
      <valor>0</valor>
      <estado_ibge>31</estado_ibge>
      <ano>2003</ano>
    </entry>
    <entry>
      <valor>41414.4</valor>
      <estado_ibge>32</estado_ibge>
      <ano>2003</ano>
    </entry>
    <entry>
      <valor>0</valor>
      <estado_ibge>33</estado_ibge>
      <ano>2003</ano>
    </entry>
    <entry>
      <valor>299203.54</valor>
      <estado_ibge>35</estado_ibge>
      <ano>2003</ano>
    </entry>
    <entry>
      <valor>20542.26</valor>
      <estado_ibge>41</estado_ibge>
      <ano>2003</ano>
    </entry>
    <entry>
      <valor>212519.69</valor>
      <estado_ibge>42</estado_ibge>
      <ano>2003</ano>
    </entry>
    <entry>
      <valor>386260.09</valor>
      <estado_ibge>43</estado_ibge>
      <ano>2003</ano>
    </entry>
    <entry>
      <valor>0</valor>
      <estado_ibge>50</estado_ibge>
      <ano>2003</ano>
    </entry>
    <entry>
      <valor>0</valor>
      <estado_ibge>51</estado_ibge>
      <ano>2003</ano>
    </entry>
    <entry>
      <valor>0</valor>
      <estado_ibge>52</estado_ibge>
      <ano>2003</ano>
    </entry>
    <entry>
      <valor>0</valor>
      <estado_ibge>11</estado_ibge>
      <ano>2005</ano>
    </entry>
    <entry>
      <valor>70462</valor>
      <estado_ibge>12</estado_ibge>
      <ano>2005</ano>
    </entry>
    <entry>
      <valor>490239.7</valor>
      <estado_ibge>13</estado_ibge>
      <ano>2005</ano>
    </entry>
    <entry>
      <valor>0</valor>
      <estado_ibge>14</estado_ibge>
      <ano>2005</ano>
    </entry>
    <entry>
      <valor>332008.9</valor>
      <estado_ibge>15</estado_ibge>
      <ano>2005</ano>
    </entry>
    <entry>
      <valor>0</valor>
      <estado_ibge>16</estado_ibge>
      <ano>2005</ano>
    </entry>
    <entry>
      <valor>0</valor>
      <estado_ibge>17</estado_ibge>
      <ano>2005</ano>
    </entry>
    <entry>
      <valor>0</valor>
      <estado_ibge>21</estado_ibge>
      <ano>2005</ano>
    </entry>
    <entry>
      <valor>0</valor>
      <estado_ibge>22</estado_ibge>
      <ano>2005</ano>
    </entry>
    <entry>
      <valor>0</valor>
      <estado_ibge>23</estado_ibge>
      <ano>2005</ano>
    </entry>
    <entry>
      <valor>156582.62</valor>
      <estado_ibge>24</estado_ibge>
      <ano>2005</ano>
    </entry>
    <entry>
      <valor>0</valor>
      <estado_ibge>25</estado_ibge>
      <ano>2005</ano>
    </entry>
    <entry>
      <valor>101563.33</valor>
      <estado_ibge>26</estado_ibge>
      <ano>2005</ano>
    </entry>
    <entry>
      <valor>81921.04</valor>
      <estado_ibge>27</estado_ibge>
      <ano>2005</ano>
    </entry>
    <entry>
      <valor>0</valor>
      <estado_ibge>28</estado_ibge>
      <ano>2005</ano>
    </entry>
    <entry>
      <valor>64109.4</valor>
      <estado_ibge>29</estado_ibge>
      <ano>2005</ano>
    </entry>
    <entry>
      <valor>0</valor>
      <estado_ibge>31</estado_ibge>
      <ano>2005</ano>
    </entry>
    <entry>
      <valor>0</valor>
      <estado_ibge>32</estado_ibge>
      <ano>2005</ano>
    </entry>
    <entry>
      <valor>0</valor>
      <estado_ibge>33</estado_ibge>
      <ano>2005</ano>
    </entry>
    <entry>
      <valor>526325</valor>
      <estado_ibge>35</estado_ibge>
      <ano>2005</ano>
    </entry>
    <entry>
      <valor>301810</valor>
      <estado_ibge>41</estado_ibge>
      <ano>2005</ano>
    </entry>
    <entry>
      <valor>980532.8</valor>
      <estado_ibge>42</estado_ibge>
      <ano>2005</ano>
    </entry>
    <entry>
      <valor>292412.41</valor>
      <estado_ibge>43</estado_ibge>
      <ano>2005</ano>
    </entry>
    <entry>
      <valor>0</valor>
      <estado_ibge>50</estado_ibge>
      <ano>2005</ano>
    </entry>
    <entry>
      <valor>0</valor>
      <estado_ibge>51</estado_ibge>
      <ano>2005</ano>
    </entry>
    <entry>
      <valor>89664</valor>
      <estado_ibge>52</estado_ibge>
      <ano>2005</ano>
    </entry>
    <entry>
      <valor>0</valor>
      <estado_ibge>53</estado_ibge>
      <ano>2005</ano>
    </entry>
    <entry>
      <valor>0</valor>
      <estado_ibge>11</estado_ibge>
      <ano>2006</ano>
    </entry>
    <entry>
      <valor>0</valor>
      <estado_ibge>12</estado_ibge>
      <ano>2006</ano>
    </entry>
    <entry>
      <valor>815498.58</valor>
      <estado_ibge>13</estado_ibge>
      <ano>2006</ano>
    </entry>
    <entry>
      <valor>0</valor>
      <estado_ibge>14</estado_ibge>
      <ano>2006</ano>
    </entry>
    <entry>
      <valor>139500</valor>
      <estado_ibge>15</estado_ibge>
      <ano>2006</ano>
    </entry>
    <entry>
      <valor>0</valor>
      <estado_ibge>16</estado_ibge>
      <ano>2006</ano>
    </entry>
    <entry>
      <valor>201254.9</valor>
      <estado_ibge>17</estado_ibge>
      <ano>2006</ano>
    </entry>
    <entry>
      <valor>0</valor>
      <estado_ibge>21</estado_ibge>
      <ano>2006</ano>
    </entry>
    <entry>
      <valor>0</valor>
      <estado_ibge>22</estado_ibge>
      <ano>2006</ano>
    </entry>
    <entry>
      <valor>0</valor>
      <estado_ibge>23</estado_ibge>
      <ano>2006</ano>
    </entry>
    <entry>
      <valor>0</valor>
      <estado_ibge>24</estado_ibge>
      <ano>2006</ano>
    </entry>
    <entry>
      <valor>0</valor>
      <estado_ibge>25</estado_ibge>
      <ano>2006</ano>
    </entry>
    <entry>
      <valor>0</valor>
      <estado_ibge>26</estado_ibge>
      <ano>2006</ano>
    </entry>
    <entry>
      <valor>0</valor>
      <estado_ibge>27</estado_ibge>
      <ano>2006</ano>
    </entry>
    <entry>
      <valor>0</valor>
      <estado_ibge>28</estado_ibge>
      <ano>2006</ano>
    </entry>
    <entry>
      <valor>0</valor>
      <estado_ibge>29</estado_ibge>
      <ano>2006</ano>
    </entry>
    <entry>
      <valor>0</valor>
      <estado_ibge>31</estado_ibge>
      <ano>2006</ano>
    </entry>
    <entry>
      <valor>0</valor>
      <estado_ibge>32</estado_ibge>
      <ano>2006</ano>
    </entry>
    <entry>
      <valor>0</valor>
      <estado_ibge>33</estado_ibge>
      <ano>2006</ano>
    </entry>
    <entry>
      <valor>0</valor>
      <estado_ibge>35</estado_ibge>
      <ano>2006</ano>
    </entry>
    <entry>
      <valor>0</valor>
      <estado_ibge>41</estado_ibge>
      <ano>2006</ano>
    </entry>
    <entry>
      <valor>0</valor>
      <estado_ibge>42</estado_ibge>
      <ano>2006</ano>
    </entry>
    <entry>
      <valor>0</valor>
      <estado_ibge>43</estado_ibge>
      <ano>2006</ano>
    </entry>
    <entry>
      <valor>0</valor>
      <estado_ibge>50</estado_ibge>
      <ano>2006</ano>
    </entry>
    <entry>
      <valor>143747</valor>
      <estado_ibge>51</estado_ibge>
      <ano>2006</ano>
    </entry>
    <entry>
      <valor>0</valor>
      <estado_ibge>52</estado_ibge>
      <ano>2006</ano>
    </entry>
    <entry>
      <valor>0</valor>
      <estado_ibge>53</estado_ibge>
      <ano>2006</ano>
    </entry>
    <entry>
      <valor>0</valor>
      <estado_ibge>11</estado_ibge>
      <ano>2007</ano>
    </entry>
    <entry>
      <valor>0</valor>
      <estado_ibge>12</estado_ibge>
      <ano>2007</ano>
    </entry>
    <entry>
      <valor>0</valor>
      <estado_ibge>13</estado_ibge>
      <ano>2007</ano>
    </entry>
    <entry>
      <valor>0</valor>
      <estado_ibge>14</estado_ibge>
      <ano>2007</ano>
    </entry>
    <entry>
      <valor>0</valor>
      <estado_ibge>15</estado_ibge>
      <ano>2007</ano>
    </entry>
    <entry>
      <valor>0</valor>
      <estado_ibge>16</estado_ibge>
      <ano>2007</ano>
    </entry>
    <entry>
      <valor>0</valor>
      <estado_ibge>17</estado_ibge>
      <ano>2007</ano>
    </entry>
    <entry>
      <valor>0</valor>
      <estado_ibge>21</estado_ibge>
      <ano>2007</ano>
    </entry>
    <entry>
      <valor>0</valor>
      <estado_ibge>22</estado_ibge>
      <ano>2007</ano>
    </entry>
    <entry>
      <valor>92631.5</valor>
      <estado_ibge>23</estado_ibge>
      <ano>2007</ano>
    </entry>
    <entry>
      <valor>0</valor>
      <estado_ibge>24</estado_ibge>
      <ano>2007</ano>
    </entry>
    <entry>
      <valor>98720.2</valor>
      <estado_ibge>25</estado_ibge>
      <ano>2007</ano>
    </entry>
    <entry>
      <valor>0</valor>
      <estado_ibge>26</estado_ibge>
      <ano>2007</ano>
    </entry>
    <entry>
      <valor>0</valor>
      <estado_ibge>27</estado_ibge>
      <ano>2007</ano>
    </entry>
    <entry>
      <valor>0</valor>
      <estado_ibge>28</estado_ibge>
      <ano>2007</ano>
    </entry>
    <entry>
      <valor>0</valor>
      <estado_ibge>29</estado_ibge>
      <ano>2007</ano>
    </entry>
    <entry>
      <valor>139732.43</valor>
      <estado_ibge>31</estado_ibge>
      <ano>2007</ano>
    </entry>
    <entry>
      <valor>0</valor>
      <estado_ibge>32</estado_ibge>
      <ano>2007</ano>
    </entry>
    <entry>
      <valor>0</valor>
      <estado_ibge>33</estado_ibge>
      <ano>2007</ano>
    </entry>
    <entry>
      <valor>0</valor>
      <estado_ibge>35</estado_ibge>
      <ano>2007</ano>
    </entry>
    <entry>
      <valor>0</valor>
      <estado_ibge>41</estado_ibge>
      <ano>2007</ano>
    </entry>
    <entry>
      <valor>349322.59</valor>
      <estado_ibge>42</estado_ibge>
      <ano>2007</ano>
    </entry>
    <entry>
      <valor>354288.37</valor>
      <estado_ibge>43</estado_ibge>
      <ano>2007</ano>
    </entry>
    <entry>
      <valor>0</valor>
      <estado_ibge>50</estado_ibge>
      <ano>2007</ano>
    </entry>
    <entry>
      <valor>0</valor>
      <estado_ibge>51</estado_ibge>
      <ano>2007</ano>
    </entry>
    <entry>
      <valor>0</valor>
      <estado_ibge>52</estado_ibge>
      <ano>2007</ano>
    </entry>
    <entry>
      <valor>0</valor>
      <estado_ibge>53</estado_ibge>
      <ano>2007</ano>
    </entry>
    <entry>
      <valor>0</valor>
      <estado_ibge>11</estado_ibge>
      <ano>2008</ano>
    </entry>
    <entry>
      <valor>0</valor>
      <estado_ibge>12</estado_ibge>
      <ano>2008</ano>
    </entry>
    <entry>
      <valor>1075381.1</valor>
      <estado_ibge>13</estado_ibge>
      <ano>2008</ano>
    </entry>
    <entry>
      <valor>0</valor>
      <estado_ibge>14</estado_ibge>
      <ano>2008</ano>
    </entry>
    <entry>
      <valor>237736.36</valor>
      <estado_ibge>15</estado_ibge>
      <ano>2008</ano>
    </entry>
    <entry>
      <valor>0</valor>
      <estado_ibge>16</estado_ibge>
      <ano>2008</ano>
    </entry>
    <entry>
      <valor>122368.5</valor>
      <estado_ibge>17</estado_ibge>
      <ano>2008</ano>
    </entry>
    <entry>
      <valor>0</valor>
      <estado_ibge>21</estado_ibge>
      <ano>2008</ano>
    </entry>
    <entry>
      <valor>0</valor>
      <estado_ibge>22</estado_ibge>
      <ano>2008</ano>
    </entry>
    <entry>
      <valor>0</valor>
      <estado_ibge>23</estado_ibge>
      <ano>2008</ano>
    </entry>
    <entry>
      <valor>261444.52</valor>
      <estado_ibge>24</estado_ibge>
      <ano>2008</ano>
    </entry>
    <entry>
      <valor>139075.36</valor>
      <estado_ibge>25</estado_ibge>
      <ano>2008</ano>
    </entry>
    <entry>
      <valor>149376.07</valor>
      <estado_ibge>26</estado_ibge>
      <ano>2008</ano>
    </entry>
    <entry>
      <valor>211755.87</valor>
      <estado_ibge>27</estado_ibge>
      <ano>2008</ano>
    </entry>
    <entry>
      <valor>0</valor>
      <estado_ibge>28</estado_ibge>
      <ano>2008</ano>
    </entry>
    <entry>
      <valor>978322.4</valor>
      <estado_ibge>29</estado_ibge>
      <ano>2008</ano>
    </entry>
    <entry>
      <valor>0</valor>
      <estado_ibge>31</estado_ibge>
      <ano>2008</ano>
    </entry>
    <entry>
      <valor>0</valor>
      <estado_ibge>32</estado_ibge>
      <ano>2008</ano>
    </entry>
    <entry>
      <valor>184756.8</valor>
      <estado_ibge>33</estado_ibge>
      <ano>2008</ano>
    </entry>
    <entry>
      <valor>1022469.84</valor>
      <estado_ibge>35</estado_ibge>
      <ano>2008</ano>
    </entry>
    <entry>
      <valor>883631.53</valor>
      <estado_ibge>41</estado_ibge>
      <ano>2008</ano>
    </entry>
    <entry>
      <valor>1111965.11</valor>
      <estado_ibge>42</estado_ibge>
      <ano>2008</ano>
    </entry>
    <entry>
      <valor>1948481.89</valor>
      <estado_ibge>43</estado_ibge>
      <ano>2008</ano>
    </entry>
    <entry>
      <valor>0</valor>
      <estado_ibge>50</estado_ibge>
      <ano>2008</ano>
    </entry>
    <entry>
      <valor>0</valor>
      <estado_ibge>51</estado_ibge>
      <ano>2008</ano>
    </entry>
    <entry>
      <valor>349315.12</valor>
      <estado_ibge>52</estado_ibge>
      <ano>2008</ano>
    </entry>
    <entry>
      <valor>0</valor>
      <estado_ibge>53</estado_ibge>
      <ano>2008</ano>
    </entry>
    <entry>
      <valor>0</valor>
      <estado_ibge>11</estado_ibge>
      <ano>2009</ano>
    </entry>
    <entry>
      <valor>0</valor>
      <estado_ibge>12</estado_ibge>
      <ano>2009</ano>
    </entry>
    <entry>
      <valor>0</valor>
      <estado_ibge>13</estado_ibge>
      <ano>2009</ano>
    </entry>
    <entry>
      <valor>0</valor>
      <estado_ibge>14</estado_ibge>
      <ano>2009</ano>
    </entry>
    <entry>
      <valor>199992.84</valor>
      <estado_ibge>15</estado_ibge>
      <ano>2009</ano>
    </entry>
    <entry>
      <valor>0</valor>
      <estado_ibge>16</estado_ibge>
      <ano>2009</ano>
    </entry>
    <entry>
      <valor>0</valor>
      <estado_ibge>17</estado_ibge>
      <ano>2009</ano>
    </entry>
    <entry>
      <valor>0</valor>
      <estado_ibge>21</estado_ibge>
      <ano>2009</ano>
    </entry>
    <entry>
      <valor>0</valor>
      <estado_ibge>22</estado_ibge>
      <ano>2009</ano>
    </entry>
    <entry>
      <valor>1557110.73</valor>
      <estado_ibge>23</estado_ibge>
      <ano>2009</ano>
    </entry>
    <entry>
      <valor>0</valor>
      <estado_ibge>24</estado_ibge>
      <ano>2009</ano>
    </entry>
    <entry>
      <valor>171711.24</valor>
      <estado_ibge>25</estado_ibge>
      <ano>2009</ano>
    </entry>
    <entry>
      <valor>1346583.62</valor>
      <estado_ibge>26</estado_ibge>
      <ano>2009</ano>
    </entry>
    <entry>
      <valor>0</valor>
      <estado_ibge>27</estado_ibge>
      <ano>2009</ano>
    </entry>
    <entry>
      <valor>0</valor>
      <estado_ibge>28</estado_ibge>
      <ano>2009</ano>
    </entry>
    <entry>
      <valor>0</valor>
      <estado_ibge>29</estado_ibge>
      <ano>2009</ano>
    </entry>
    <entry>
      <valor>0</valor>
      <estado_ibge>31</estado_ibge>
      <ano>2009</ano>
    </entry>
    <entry>
      <valor>285663.13</valor>
      <estado_ibge>32</estado_ibge>
      <ano>2009</ano>
    </entry>
    <entry>
      <valor>0</valor>
      <estado_ibge>33</estado_ibge>
      <ano>2009</ano>
    </entry>
    <entry>
      <valor>458917.29</valor>
      <estado_ibge>35</estado_ibge>
      <ano>2009</ano>
    </entry>
    <entry>
      <valor>0</valor>
      <estado_ibge>41</estado_ibge>
      <ano>2009</ano>
    </entry>
    <entry>
      <valor>488834.46</valor>
      <estado_ibge>42</estado_ibge>
      <ano>2009</ano>
    </entry>
    <entry>
      <valor>2560215.02</valor>
      <estado_ibge>43</estado_ibge>
      <ano>2009</ano>
    </entry>
    <entry>
      <valor>0</valor>
      <estado_ibge>50</estado_ibge>
      <ano>2009</ano>
    </entry>
    <entry>
      <valor>0</valor>
      <estado_ibge>51</estado_ibge>
      <ano>2009</ano>
    </entry>
    <entry>
      <valor>0</valor>
      <estado_ibge>52</estado_ibge>
      <ano>2009</ano>
    </entry>
    <entry>
      <valor>0</valor>
      <estado_ibge>53</estado_ibge>
      <ano>2009</ano>
    </entry>
    <entry>
      <valor>0</valor>
      <estado_ibge>12</estado_ibge>
      <ano>2010</ano>
    </entry>
    <entry>
      <valor>523400</valor>
      <estado_ibge>27</estado_ibge>
      <ano>2010</ano>
    </entry>
    <entry>
      <valor>890010</valor>
      <estado_ibge>13</estado_ibge>
      <ano>2010</ano>
    </entry>
    <entry>
      <valor>0</valor>
      <estado_ibge>16</estado_ibge>
      <ano>2010</ano>
    </entry>
    <entry>
      <valor>948452.3</valor>
      <estado_ibge>29</estado_ibge>
      <ano>2010</ano>
    </entry>
    <entry>
      <valor>2199199.71</valor>
      <estado_ibge>23</estado_ibge>
      <ano>2010</ano>
    </entry>
    <entry>
      <valor>0</valor>
      <estado_ibge>53</estado_ibge>
      <ano>2010</ano>
    </entry>
    <entry>
      <valor>37440</valor>
      <estado_ibge>32</estado_ibge>
      <ano>2010</ano>
    </entry>
    <entry>
      <valor>0</valor>
      <estado_ibge>52</estado_ibge>
      <ano>2010</ano>
    </entry>
    <entry>
      <valor>741484</valor>
      <estado_ibge>21</estado_ibge>
      <ano>2010</ano>
    </entry>
    <entry>
      <valor>4448145.11</valor>
      <estado_ibge>31</estado_ibge>
      <ano>2010</ano>
    </entry>
    <entry>
      <valor>46080</valor>
      <estado_ibge>50</estado_ibge>
      <ano>2010</ano>
    </entry>
    <entry>
      <valor>758988.47</valor>
      <estado_ibge>51</estado_ibge>
      <ano>2010</ano>
    </entry>
    <entry>
      <valor>2362881.01</valor>
      <estado_ibge>15</estado_ibge>
      <ano>2010</ano>
    </entry>
    <entry>
      <valor>0</valor>
      <estado_ibge>25</estado_ibge>
      <ano>2010</ano>
    </entry>
    <entry>
      <valor>1758117.1</valor>
      <estado_ibge>26</estado_ibge>
      <ano>2010</ano>
    </entry>
    <entry>
      <valor>0</valor>
      <estado_ibge>22</estado_ibge>
      <ano>2010</ano>
    </entry>
    <entry>
      <valor>4185232.42</valor>
      <estado_ibge>41</estado_ibge>
      <ano>2010</ano>
    </entry>
    <entry>
      <valor>3128639.05</valor>
      <estado_ibge>33</estado_ibge>
      <ano>2010</ano>
    </entry>
    <entry>
      <valor>1367611.12</valor>
      <estado_ibge>24</estado_ibge>
      <ano>2010</ano>
    </entry>
    <entry>
      <valor>0</valor>
      <estado_ibge>11</estado_ibge>
      <ano>2010</ano>
    </entry>
    <entry>
      <valor>0</valor>
      <estado_ibge>14</estado_ibge>
      <ano>2010</ano>
    </entry>
    <entry>
      <valor>5823791.32</valor>
      <estado_ibge>43</estado_ibge>
      <ano>2010</ano>
    </entry>
    <entry>
      <valor>2267884.42</valor>
      <estado_ibge>42</estado_ibge>
      <ano>2010</ano>
    </entry>
    <entry>
      <valor>46080</valor>
      <estado_ibge>28</estado_ibge>
      <ano>2010</ano>
    </entry>
    <entry>
      <valor>3576980.95</valor>
      <estado_ibge>35</estado_ibge>
      <ano>2010</ano>
    </entry>
    <entry>
      <valor>0</valor>
      <estado_ibge>17</estado_ibge>
      <ano>2010</ano>
    </entry>
    <entry>
      <valor>104000</valor>
      <estado_ibge>27</estado_ibge>
      <ano>2012</ano>
    </entry>
    <entry>
      <valor>205944.43</valor>
      <estado_ibge>13</estado_ibge>
      <ano>2012</ano>
    </entry>
    <entry>
      <valor>1106023.32</valor>
      <estado_ibge>23</estado_ibge>
      <ano>2012</ano>
    </entry>
    <entry>
      <valor>20000</valor>
      <estado_ibge>32</estado_ibge>
      <ano>2012</ano>
    </entry>
    <entry>
      <valor>687519.74</valor>
      <estado_ibge>31</estado_ibge>
      <ano>2012</ano>
    </entry>
    <entry>
      <valor>168433.98</valor>
      <estado_ibge>51</estado_ibge>
      <ano>2012</ano>
    </entry>
    <entry>
      <valor>325272.14</valor>
      <estado_ibge>15</estado_ibge>
      <ano>2012</ano>
    </entry>
    <entry>
      <valor>127306</valor>
      <estado_ibge>25</estado_ibge>
      <ano>2012</ano>
    </entry>
    <entry>
      <valor>874060.02</valor>
      <estado_ibge>26</estado_ibge>
      <ano>2012</ano>
    </entry>
    <entry>
      <valor>735210.25</valor>
      <estado_ibge>41</estado_ibge>
      <ano>2012</ano>
    </entry>
    <entry>
      <valor>291171.74</valor>
      <estado_ibge>33</estado_ibge>
      <ano>2012</ano>
    </entry>
    <entry>
      <valor>512193.66</valor>
      <estado_ibge>24</estado_ibge>
      <ano>2012</ano>
    </entry>
    <entry>
      <valor>879608.17</valor>
      <estado_ibge>43</estado_ibge>
      <ano>2012</ano>
    </entry>
    <entry>
      <valor>1748952.72</valor>
      <estado_ibge>42</estado_ibge>
      <ano>2012</ano>
    </entry>
    <entry>
      <valor>361396.48</valor>
      <estado_ibge>28</estado_ibge>
      <ano>2012</ano>
    </entry>
    <entry>
      <valor>1604479.07</valor>
      <estado_ibge>35</estado_ibge>
      <ano>2012</ano>
    </entry>
    <entry>
      <valor>174517.3</valor>
      <estado_ibge>16</estado_ibge>
      <ano>2013</ano>
    </entry>
    <entry>
      <valor>137280</valor>
      <estado_ibge>23</estado_ibge>
      <ano>2013</ano>
    </entry>
    <entry>
      <valor>163867.5</valor>
      <estado_ibge>53</estado_ibge>
      <ano>2013</ano>
    </entry>
    <entry>
      <valor>144148</valor>
      <estado_ibge>31</estado_ibge>
      <ano>2013</ano>
    </entry>
    <entry>
      <valor>189756.83</valor>
      <estado_ibge>50</estado_ibge>
      <ano>2013</ano>
    </entry>
    <entry>
      <valor>200000</valor>
      <estado_ibge>15</estado_ibge>
      <ano>2013</ano>
    </entry>
    <entry>
      <valor>185081</valor>
      <estado_ibge>26</estado_ibge>
      <ano>2013</ano>
    </entry>
    <entry>
      <valor>199426.04</valor>
      <estado_ibge>11</estado_ibge>
      <ano>2013</ano>
    </entry>
    <entry>
      <valor>473833.56</valor>
      <estado_ibge>42</estado_ibge>
      <ano>2013</ano>
    </entry>
    <entry>
      <valor>132517</valor>
      <estado_ibge>35</estado_ibge>
      <ano>2013</ano>
    </entry>
    <entry>
      <valor>171622</valor>
      <estado_ibge>17</estado_ibge>
      <ano>2013</ano>
    </entry>
  </valores>
</result>
