{"url":"http:\/\/api.pgi.gov.br\/api\/1\/serie\/1072.json","id":1072,"nome":"Descentraliz projet pesq pesca","nome_estendido":"N\u00famero de projetos apoiados via descentraliza\u00e7\u00e3o or\u00e7ament\u00e1ria que possuem algum componente de pesquisa na \u00e1rea de pesca e aquicultura","descricao":"N\u00famero de projetos apoiados via descentraliza\u00e7\u00e3o or\u00e7ament\u00e1ria que possuem algum componente de pesquisa (financiamento de pesquisa em si, estrutura\u00e7\u00e3o de laborat\u00f3rios, forma\u00e7\u00e3o de rhs, eventos cient\u00edficos...)","inicio":"2004","final":"2013","formatacao":"0","data_atualizacao":"2014-06-13 19:02:23.568656","aditividade":"1","url_origem":"http:\/\/www.mpa.gov.br\/","tempo_aditividade":"1","portal_dados_abertos":false,"disponibilizacao":{"disponibilizacao":"365 dias","dias":365},"estado":{"estado":"Em uso"},"fonte_gestora":{"url":"http:\/\/api.pgi.gov.br\/api\/1\/fonte\/195.json","id":195,"nome":"MPA\/GABMIN","descricao":"Gabinete do Ministro","tipo":"1","orgao_primeiro_escalao":{"nome":"MPA","descricao":"Minist\u00e9rio da Pesca e Aquicultura"}},"fonte_provedora":{"url":"http:\/\/api.pgi.gov.br\/api\/1\/fonte\/195.json","id":195,"nome":"MPA\/GABMIN","descricao":"Gabinete do Ministro","tipo":"1","orgao_primeiro_escalao":{"nome":"MPA","descricao":"Minist\u00e9rio da Pesca e Aquicultura"}},"grupo_informacao":{"url":"http:\/\/api.pgi.gov.br\/api\/1\/grupo\/287.json","id":287,"nome":"Pesquisa e tecnologia na pesca e aquicultura","palavras_chave":[]},"base_territorial":{"base_territorial":"Estadual"},"periodicidade":{"periodicidade":"Anual"},"multiplicador":{"id":1,"nome":""},"produto":{"nome":"Quantidade","descricao":""},"publicacao":{"status_publicacao":"Dados Publicados"},"unidade_medida":{"url":"http:\/\/api.pgi.gov.br\/api\/1\/unidade\/4.json","id":4,"nome":"Unidade","unidade_medida":"Un"},"orgao_primeiro_escalao":{"nome":"MPA","descricao":"Minist\u00e9rio da Pesca e Aquicultura"},"valores":[{"valor":0,"estado_ibge":11,"ano":2004},{"valor":0,"estado_ibge":12,"ano":2004},{"valor":0,"estado_ibge":13,"ano":2004},{"valor":0,"estado_ibge":14,"ano":2004},{"valor":0,"estado_ibge":15,"ano":2004},{"valor":0,"estado_ibge":16,"ano":2004},{"valor":0,"estado_ibge":17,"ano":2004},{"valor":0,"estado_ibge":21,"ano":2004},{"valor":0,"estado_ibge":22,"ano":2004},{"valor":1,"estado_ibge":23,"ano":2004},{"valor":0,"estado_ibge":24,"ano":2004},{"valor":0,"estado_ibge":25,"ano":2004},{"valor":0,"estado_ibge":26,"ano":2004},{"valor":0,"estado_ibge":27,"ano":2004},{"valor":0,"estado_ibge":28,"ano":2004},{"valor":0,"estado_ibge":29,"ano":2004},{"valor":0,"estado_ibge":31,"ano":2004},{"valor":0,"estado_ibge":32,"ano":2004},{"valor":0,"estado_ibge":33,"ano":2004},{"valor":0,"estado_ibge":35,"ano":2004},{"valor":0,"estado_ibge":41,"ano":2004},{"valor":0,"estado_ibge":42,"ano":2004},{"valor":0,"estado_ibge":43,"ano":2004},{"valor":1,"estado_ibge":50,"ano":2004},{"valor":0,"estado_ibge":51,"ano":2004},{"valor":0,"estado_ibge":52,"ano":2004},{"valor":0,"estado_ibge":53,"ano":2004},{"valor":0,"estado_ibge":11,"ano":2006},{"valor":0,"estado_ibge":12,"ano":2006},{"valor":0,"estado_ibge":13,"ano":2006},{"valor":0,"estado_ibge":14,"ano":2006},{"valor":0,"estado_ibge":15,"ano":2006},{"valor":0,"estado_ibge":16,"ano":2006},{"valor":0,"estado_ibge":17,"ano":2006},{"valor":0,"estado_ibge":21,"ano":2006},{"valor":0,"estado_ibge":22,"ano":2006},{"valor":1,"estado_ibge":23,"ano":2006},{"valor":1,"estado_ibge":24,"ano":2006},{"valor":0,"estado_ibge":25,"ano":2006},{"valor":0,"estado_ibge":26,"ano":2006},{"valor":0,"estado_ibge":27,"ano":2006},{"valor":0,"estado_ibge":28,"ano":2006},{"valor":0,"estado_ibge":29,"ano":2006},{"valor":0,"estado_ibge":31,"ano":2006},{"valor":0,"estado_ibge":32,"ano":2006},{"valor":0,"estado_ibge":33,"ano":2006},{"valor":0,"estado_ibge":35,"ano":2006},{"valor":0,"estado_ibge":41,"ano":2006},{"valor":1,"estado_ibge":42,"ano":2006},{"valor":1,"estado_ibge":43,"ano":2006},{"valor":0,"estado_ibge":50,"ano":2006},{"valor":0,"estado_ibge":51,"ano":2006},{"valor":0,"estado_ibge":52,"ano":2006},{"valor":0,"estado_ibge":53,"ano":2006},{"valor":0,"estado_ibge":11,"ano":2007},{"valor":0,"estado_ibge":12,"ano":2007},{"valor":0,"estado_ibge":13,"ano":2007},{"valor":0,"estado_ibge":14,"ano":2007},{"valor":0,"estado_ibge":15,"ano":2007},{"valor":0,"estado_ibge":16,"ano":2007},{"valor":0,"estado_ibge":17,"ano":2007},{"valor":0,"estado_ibge":21,"ano":2007},{"valor":0,"estado_ibge":22,"ano":2007},{"valor":2,"estado_ibge":23,"ano":2007},{"valor":1,"estado_ibge":24,"ano":2007},{"valor":0,"estado_ibge":25,"ano":2007},{"valor":0,"estado_ibge":26,"ano":2007},{"valor":1,"estado_ibge":27,"ano":2007},{"valor":0,"estado_ibge":28,"ano":2007},{"valor":0,"estado_ibge":29,"ano":2007},{"valor":1,"estado_ibge":31,"ano":2007},{"valor":0,"estado_ibge":32,"ano":2007},{"valor":0,"estado_ibge":33,"ano":2007},{"valor":0,"estado_ibge":35,"ano":2007},{"valor":0,"estado_ibge":41,"ano":2007},{"valor":1,"estado_ibge":42,"ano":2007},{"valor":0,"estado_ibge":43,"ano":2007},{"valor":0,"estado_ibge":50,"ano":2007},{"valor":0,"estado_ibge":51,"ano":2007},{"valor":0,"estado_ibge":52,"ano":2007},{"valor":0,"estado_ibge":53,"ano":2007},{"valor":1,"estado_ibge":11,"ano":2008},{"valor":0,"estado_ibge":12,"ano":2008},{"valor":0,"estado_ibge":13,"ano":2008},{"valor":0,"estado_ibge":14,"ano":2008},{"valor":0,"estado_ibge":15,"ano":2008},{"valor":0,"estado_ibge":16,"ano":2008},{"valor":1,"estado_ibge":17,"ano":2008},{"valor":0,"estado_ibge":21,"ano":2008},{"valor":0,"estado_ibge":22,"ano":2008},{"valor":1,"estado_ibge":23,"ano":2008},{"valor":0,"estado_ibge":24,"ano":2008},{"valor":0,"estado_ibge":25,"ano":2008},{"valor":1,"estado_ibge":26,"ano":2008},{"valor":0,"estado_ibge":27,"ano":2008},{"valor":0,"estado_ibge":28,"ano":2008},{"valor":0,"estado_ibge":29,"ano":2008},{"valor":0,"estado_ibge":31,"ano":2008},{"valor":1,"estado_ibge":32,"ano":2008},{"valor":0,"estado_ibge":33,"ano":2008},{"valor":0,"estado_ibge":35,"ano":2008},{"valor":0,"estado_ibge":41,"ano":2008},{"valor":2,"estado_ibge":42,"ano":2008},{"valor":3,"estado_ibge":43,"ano":2008},{"valor":0,"estado_ibge":50,"ano":2008},{"valor":0,"estado_ibge":51,"ano":2008},{"valor":0,"estado_ibge":52,"ano":2008},{"valor":0,"estado_ibge":53,"ano":2008},{"valor":0,"estado_ibge":11,"ano":2009},{"valor":0,"estado_ibge":12,"ano":2009},{"valor":2,"estado_ibge":13,"ano":2009},{"valor":0,"estado_ibge":14,"ano":2009},{"valor":0,"estado_ibge":15,"ano":2009},{"valor":0,"estado_ibge":16,"ano":2009},{"valor":0,"estado_ibge":17,"ano":2009},{"valor":0,"estado_ibge":21,"ano":2009},{"valor":0,"estado_ibge":22,"ano":2009},{"valor":0,"estado_ibge":23,"ano":2009},{"valor":1,"estado_ibge":24,"ano":2009},{"valor":1,"estado_ibge":25,"ano":2009},{"valor":0,"estado_ibge":26,"ano":2009},{"valor":0,"estado_ibge":27,"ano":2009},{"valor":0,"estado_ibge":28,"ano":2009},{"valor":1,"estado_ibge":29,"ano":2009},{"valor":0,"estado_ibge":31,"ano":2009},{"valor":1,"estado_ibge":32,"ano":2009},{"valor":1,"estado_ibge":33,"ano":2009},{"valor":0,"estado_ibge":35,"ano":2009},{"valor":1,"estado_ibge":41,"ano":2009},{"valor":2,"estado_ibge":42,"ano":2009},{"valor":0,"estado_ibge":43,"ano":2009},{"valor":1,"estado_ibge":50,"ano":2009},{"valor":0,"estado_ibge":51,"ano":2009},{"valor":0,"estado_ibge":52,"ano":2009},{"valor":0,"estado_ibge":53,"ano":2009},{"valor":1,"estado_ibge":23,"ano":2010},{"valor":1,"estado_ibge":32,"ano":2010},{"valor":1,"estado_ibge":26,"ano":2010},{"valor":1,"estado_ibge":24,"ano":2011},{"valor":1,"estado_ibge":43,"ano":2011},{"valor":2,"estado_ibge":42,"ano":2011},{"valor":2,"estado_ibge":17,"ano":2011},{"valor":3,"estado_ibge":13,"ano":2012},{"valor":3,"estado_ibge":23,"ano":2012},{"valor":1,"estado_ibge":50,"ano":2012},{"valor":1,"estado_ibge":51,"ano":2012},{"valor":1,"estado_ibge":22,"ano":2012},{"valor":1,"estado_ibge":11,"ano":2012},{"valor":2,"estado_ibge":17,"ano":2012},{"valor":2,"estado_ibge":13,"ano":2013},{"valor":1,"estado_ibge":29,"ano":2013},{"valor":1,"estado_ibge":32,"ano":2013},{"valor":1,"estado_ibge":41,"ano":2013},{"valor":2,"estado_ibge":42,"ano":2013},{"valor":1,"estado_ibge":17,"ano":2013}]}