<?xml version="1.0" encoding="UTF-8"?>
<result>
  <url><![CDATA[http://api.pgi.gov.br/api/1/serie/1073.json]]></url>
  <id>1073</id>
  <nome><![CDATA[Vlr repass descentr pesq pesca]]></nome>
  <nome_estendido><![CDATA[Valor total repassado via descentralização orçamentária para projetos com algum componente de pesquisa na área de pesca e aquicultura]]></nome_estendido>
  <descricao><![CDATA[Valor total repassado para projetos de pesca e aquicultura apoiados via descentralização orçamentária e que possuem algum componente de pesquisa (financiamento de pesquisa em si, estruturação de laboratórios, formação de rhs, eventos científicos...)]]></descricao>
  <inicio><![CDATA[2004]]></inicio>
  <final><![CDATA[2013]]></final>
  <formatacao><![CDATA[2]]></formatacao>
  <data_atualizacao><![CDATA[2014-06-13 19:02:33.753838]]></data_atualizacao>
  <aditividade><![CDATA[1]]></aditividade>
  <url_origem><![CDATA[http://www.mpa.gov.br/]]></url_origem>
  <tempo_aditividade><![CDATA[1]]></tempo_aditividade>
  <portal_dados_abertos>false</portal_dados_abertos>
  <disponibilizacao>
    <disponibilizacao><![CDATA[365 dias]]></disponibilizacao>
    <dias>365</dias>
  </disponibilizacao>
  <estado>
    <estado><![CDATA[Em uso]]></estado>
  </estado>
  <fonte_gestora>
    <url><![CDATA[http://api.pgi.gov.br/api/1/fonte/195.json]]></url>
    <id>195</id>
    <nome><![CDATA[MPA/GABMIN]]></nome>
    <descricao><![CDATA[Gabinete do Ministro]]></descricao>
    <tipo><![CDATA[1]]></tipo>
    <orgao_primeiro_escalao>
      <nome><![CDATA[MPA]]></nome>
      <descricao><![CDATA[Ministério da Pesca e Aquicultura]]></descricao>
    </orgao_primeiro_escalao>
  </fonte_gestora>
  <fonte_provedora>
    <url><![CDATA[http://api.pgi.gov.br/api/1/fonte/195.json]]></url>
    <id>195</id>
    <nome><![CDATA[MPA/GABMIN]]></nome>
    <descricao><![CDATA[Gabinete do Ministro]]></descricao>
    <tipo><![CDATA[1]]></tipo>
    <orgao_primeiro_escalao>
      <nome><![CDATA[MPA]]></nome>
      <descricao><![CDATA[Ministério da Pesca e Aquicultura]]></descricao>
    </orgao_primeiro_escalao>
  </fonte_provedora>
  <grupo_informacao>
    <url><![CDATA[http://api.pgi.gov.br/api/1/grupo/287.json]]></url>
    <id>287</id>
    <nome><![CDATA[Pesquisa e tecnologia na pesca e aquicultura]]></nome>
  </grupo_informacao>
  <base_territorial>
    <base_territorial><![CDATA[Estadual]]></base_territorial>
  </base_territorial>
  <periodicidade>
    <periodicidade><![CDATA[Anual]]></periodicidade>
  </periodicidade>
  <multiplicador>
    <id>1</id>
    <nome><![CDATA[]]></nome>
  </multiplicador>
  <produto>
    <nome><![CDATA[Valor Repassado]]></nome>
  </produto>
  <publicacao>
    <status_publicacao><![CDATA[Dados Publicados]]></status_publicacao>
  </publicacao>
  <unidade_medida>
    <url><![CDATA[http://api.pgi.gov.br/api/1/unidade/3.json]]></url>
    <id>3</id>
    <nome><![CDATA[Real (R$)]]></nome>
    <unidade_medida><![CDATA[R$]]></unidade_medida>
  </unidade_medida>
  <orgao_primeiro_escalao>
    <nome><![CDATA[MPA]]></nome>
    <descricao><![CDATA[Ministério da Pesca e Aquicultura]]></descricao>
  </orgao_primeiro_escalao>
  <valores>
    <entry>
      <valor>0</valor>
      <estado_ibge>11</estado_ibge>
      <ano>2004</ano>
    </entry>
    <entry>
      <valor>0</valor>
      <estado_ibge>12</estado_ibge>
      <ano>2004</ano>
    </entry>
    <entry>
      <valor>0</valor>
      <estado_ibge>13</estado_ibge>
      <ano>2004</ano>
    </entry>
    <entry>
      <valor>0</valor>
      <estado_ibge>14</estado_ibge>
      <ano>2004</ano>
    </entry>
    <entry>
      <valor>0</valor>
      <estado_ibge>15</estado_ibge>
      <ano>2004</ano>
    </entry>
    <entry>
      <valor>0</valor>
      <estado_ibge>16</estado_ibge>
      <ano>2004</ano>
    </entry>
    <entry>
      <valor>0</valor>
      <estado_ibge>17</estado_ibge>
      <ano>2004</ano>
    </entry>
    <entry>
      <valor>0</valor>
      <estado_ibge>21</estado_ibge>
      <ano>2004</ano>
    </entry>
    <entry>
      <valor>0</valor>
      <estado_ibge>22</estado_ibge>
      <ano>2004</ano>
    </entry>
    <entry>
      <valor>826465.99</valor>
      <estado_ibge>23</estado_ibge>
      <ano>2004</ano>
    </entry>
    <entry>
      <valor>0</valor>
      <estado_ibge>24</estado_ibge>
      <ano>2004</ano>
    </entry>
    <entry>
      <valor>0</valor>
      <estado_ibge>25</estado_ibge>
      <ano>2004</ano>
    </entry>
    <entry>
      <valor>0</valor>
      <estado_ibge>26</estado_ibge>
      <ano>2004</ano>
    </entry>
    <entry>
      <valor>0</valor>
      <estado_ibge>27</estado_ibge>
      <ano>2004</ano>
    </entry>
    <entry>
      <valor>0</valor>
      <estado_ibge>28</estado_ibge>
      <ano>2004</ano>
    </entry>
    <entry>
      <valor>0</valor>
      <estado_ibge>29</estado_ibge>
      <ano>2004</ano>
    </entry>
    <entry>
      <valor>0</valor>
      <estado_ibge>31</estado_ibge>
      <ano>2004</ano>
    </entry>
    <entry>
      <valor>0</valor>
      <estado_ibge>32</estado_ibge>
      <ano>2004</ano>
    </entry>
    <entry>
      <valor>0</valor>
      <estado_ibge>33</estado_ibge>
      <ano>2004</ano>
    </entry>
    <entry>
      <valor>0</valor>
      <estado_ibge>35</estado_ibge>
      <ano>2004</ano>
    </entry>
    <entry>
      <valor>0</valor>
      <estado_ibge>41</estado_ibge>
      <ano>2004</ano>
    </entry>
    <entry>
      <valor>0</valor>
      <estado_ibge>42</estado_ibge>
      <ano>2004</ano>
    </entry>
    <entry>
      <valor>0</valor>
      <estado_ibge>43</estado_ibge>
      <ano>2004</ano>
    </entry>
    <entry>
      <valor>261891.64</valor>
      <estado_ibge>50</estado_ibge>
      <ano>2004</ano>
    </entry>
    <entry>
      <valor>0</valor>
      <estado_ibge>51</estado_ibge>
      <ano>2004</ano>
    </entry>
    <entry>
      <valor>0</valor>
      <estado_ibge>52</estado_ibge>
      <ano>2004</ano>
    </entry>
    <entry>
      <valor>0</valor>
      <estado_ibge>53</estado_ibge>
      <ano>2004</ano>
    </entry>
    <entry>
      <valor>0</valor>
      <estado_ibge>11</estado_ibge>
      <ano>2006</ano>
    </entry>
    <entry>
      <valor>0</valor>
      <estado_ibge>12</estado_ibge>
      <ano>2006</ano>
    </entry>
    <entry>
      <valor>0</valor>
      <estado_ibge>13</estado_ibge>
      <ano>2006</ano>
    </entry>
    <entry>
      <valor>0</valor>
      <estado_ibge>14</estado_ibge>
      <ano>2006</ano>
    </entry>
    <entry>
      <valor>0</valor>
      <estado_ibge>15</estado_ibge>
      <ano>2006</ano>
    </entry>
    <entry>
      <valor>0</valor>
      <estado_ibge>16</estado_ibge>
      <ano>2006</ano>
    </entry>
    <entry>
      <valor>0</valor>
      <estado_ibge>17</estado_ibge>
      <ano>2006</ano>
    </entry>
    <entry>
      <valor>0</valor>
      <estado_ibge>21</estado_ibge>
      <ano>2006</ano>
    </entry>
    <entry>
      <valor>0</valor>
      <estado_ibge>22</estado_ibge>
      <ano>2006</ano>
    </entry>
    <entry>
      <valor>271034.49</valor>
      <estado_ibge>23</estado_ibge>
      <ano>2006</ano>
    </entry>
    <entry>
      <valor>290835.86</valor>
      <estado_ibge>24</estado_ibge>
      <ano>2006</ano>
    </entry>
    <entry>
      <valor>0</valor>
      <estado_ibge>25</estado_ibge>
      <ano>2006</ano>
    </entry>
    <entry>
      <valor>0</valor>
      <estado_ibge>26</estado_ibge>
      <ano>2006</ano>
    </entry>
    <entry>
      <valor>0</valor>
      <estado_ibge>27</estado_ibge>
      <ano>2006</ano>
    </entry>
    <entry>
      <valor>0</valor>
      <estado_ibge>28</estado_ibge>
      <ano>2006</ano>
    </entry>
    <entry>
      <valor>0</valor>
      <estado_ibge>29</estado_ibge>
      <ano>2006</ano>
    </entry>
    <entry>
      <valor>0</valor>
      <estado_ibge>31</estado_ibge>
      <ano>2006</ano>
    </entry>
    <entry>
      <valor>0</valor>
      <estado_ibge>32</estado_ibge>
      <ano>2006</ano>
    </entry>
    <entry>
      <valor>0</valor>
      <estado_ibge>33</estado_ibge>
      <ano>2006</ano>
    </entry>
    <entry>
      <valor>0</valor>
      <estado_ibge>35</estado_ibge>
      <ano>2006</ano>
    </entry>
    <entry>
      <valor>0</valor>
      <estado_ibge>41</estado_ibge>
      <ano>2006</ano>
    </entry>
    <entry>
      <valor>618699.92</valor>
      <estado_ibge>42</estado_ibge>
      <ano>2006</ano>
    </entry>
    <entry>
      <valor>296115.98</valor>
      <estado_ibge>43</estado_ibge>
      <ano>2006</ano>
    </entry>
    <entry>
      <valor>0</valor>
      <estado_ibge>50</estado_ibge>
      <ano>2006</ano>
    </entry>
    <entry>
      <valor>0</valor>
      <estado_ibge>51</estado_ibge>
      <ano>2006</ano>
    </entry>
    <entry>
      <valor>0</valor>
      <estado_ibge>52</estado_ibge>
      <ano>2006</ano>
    </entry>
    <entry>
      <valor>0</valor>
      <estado_ibge>53</estado_ibge>
      <ano>2006</ano>
    </entry>
    <entry>
      <valor>0</valor>
      <estado_ibge>11</estado_ibge>
      <ano>2007</ano>
    </entry>
    <entry>
      <valor>0</valor>
      <estado_ibge>12</estado_ibge>
      <ano>2007</ano>
    </entry>
    <entry>
      <valor>0</valor>
      <estado_ibge>13</estado_ibge>
      <ano>2007</ano>
    </entry>
    <entry>
      <valor>0</valor>
      <estado_ibge>14</estado_ibge>
      <ano>2007</ano>
    </entry>
    <entry>
      <valor>0</valor>
      <estado_ibge>15</estado_ibge>
      <ano>2007</ano>
    </entry>
    <entry>
      <valor>0</valor>
      <estado_ibge>16</estado_ibge>
      <ano>2007</ano>
    </entry>
    <entry>
      <valor>0</valor>
      <estado_ibge>17</estado_ibge>
      <ano>2007</ano>
    </entry>
    <entry>
      <valor>0</valor>
      <estado_ibge>21</estado_ibge>
      <ano>2007</ano>
    </entry>
    <entry>
      <valor>0</valor>
      <estado_ibge>22</estado_ibge>
      <ano>2007</ano>
    </entry>
    <entry>
      <valor>1477582.11</valor>
      <estado_ibge>23</estado_ibge>
      <ano>2007</ano>
    </entry>
    <entry>
      <valor>55000</valor>
      <estado_ibge>24</estado_ibge>
      <ano>2007</ano>
    </entry>
    <entry>
      <valor>0</valor>
      <estado_ibge>25</estado_ibge>
      <ano>2007</ano>
    </entry>
    <entry>
      <valor>0</valor>
      <estado_ibge>26</estado_ibge>
      <ano>2007</ano>
    </entry>
    <entry>
      <valor>33432.51</valor>
      <estado_ibge>27</estado_ibge>
      <ano>2007</ano>
    </entry>
    <entry>
      <valor>0</valor>
      <estado_ibge>28</estado_ibge>
      <ano>2007</ano>
    </entry>
    <entry>
      <valor>0</valor>
      <estado_ibge>29</estado_ibge>
      <ano>2007</ano>
    </entry>
    <entry>
      <valor>1340610</valor>
      <estado_ibge>31</estado_ibge>
      <ano>2007</ano>
    </entry>
    <entry>
      <valor>0</valor>
      <estado_ibge>32</estado_ibge>
      <ano>2007</ano>
    </entry>
    <entry>
      <valor>0</valor>
      <estado_ibge>33</estado_ibge>
      <ano>2007</ano>
    </entry>
    <entry>
      <valor>0</valor>
      <estado_ibge>35</estado_ibge>
      <ano>2007</ano>
    </entry>
    <entry>
      <valor>0</valor>
      <estado_ibge>41</estado_ibge>
      <ano>2007</ano>
    </entry>
    <entry>
      <valor>147007.48</valor>
      <estado_ibge>42</estado_ibge>
      <ano>2007</ano>
    </entry>
    <entry>
      <valor>0</valor>
      <estado_ibge>43</estado_ibge>
      <ano>2007</ano>
    </entry>
    <entry>
      <valor>0</valor>
      <estado_ibge>50</estado_ibge>
      <ano>2007</ano>
    </entry>
    <entry>
      <valor>0</valor>
      <estado_ibge>51</estado_ibge>
      <ano>2007</ano>
    </entry>
    <entry>
      <valor>0</valor>
      <estado_ibge>52</estado_ibge>
      <ano>2007</ano>
    </entry>
    <entry>
      <valor>0</valor>
      <estado_ibge>53</estado_ibge>
      <ano>2007</ano>
    </entry>
    <entry>
      <valor>350000</valor>
      <estado_ibge>11</estado_ibge>
      <ano>2008</ano>
    </entry>
    <entry>
      <valor>0</valor>
      <estado_ibge>12</estado_ibge>
      <ano>2008</ano>
    </entry>
    <entry>
      <valor>0</valor>
      <estado_ibge>13</estado_ibge>
      <ano>2008</ano>
    </entry>
    <entry>
      <valor>0</valor>
      <estado_ibge>14</estado_ibge>
      <ano>2008</ano>
    </entry>
    <entry>
      <valor>0</valor>
      <estado_ibge>15</estado_ibge>
      <ano>2008</ano>
    </entry>
    <entry>
      <valor>0</valor>
      <estado_ibge>16</estado_ibge>
      <ano>2008</ano>
    </entry>
    <entry>
      <valor>404967.26</valor>
      <estado_ibge>17</estado_ibge>
      <ano>2008</ano>
    </entry>
    <entry>
      <valor>0</valor>
      <estado_ibge>21</estado_ibge>
      <ano>2008</ano>
    </entry>
    <entry>
      <valor>0</valor>
      <estado_ibge>22</estado_ibge>
      <ano>2008</ano>
    </entry>
    <entry>
      <valor>157364.96</valor>
      <estado_ibge>23</estado_ibge>
      <ano>2008</ano>
    </entry>
    <entry>
      <valor>0</valor>
      <estado_ibge>24</estado_ibge>
      <ano>2008</ano>
    </entry>
    <entry>
      <valor>0</valor>
      <estado_ibge>25</estado_ibge>
      <ano>2008</ano>
    </entry>
    <entry>
      <valor>1082653.13</valor>
      <estado_ibge>26</estado_ibge>
      <ano>2008</ano>
    </entry>
    <entry>
      <valor>0</valor>
      <estado_ibge>27</estado_ibge>
      <ano>2008</ano>
    </entry>
    <entry>
      <valor>0</valor>
      <estado_ibge>28</estado_ibge>
      <ano>2008</ano>
    </entry>
    <entry>
      <valor>0</valor>
      <estado_ibge>29</estado_ibge>
      <ano>2008</ano>
    </entry>
    <entry>
      <valor>0</valor>
      <estado_ibge>31</estado_ibge>
      <ano>2008</ano>
    </entry>
    <entry>
      <valor>9663383</valor>
      <estado_ibge>32</estado_ibge>
      <ano>2008</ano>
    </entry>
    <entry>
      <valor>0</valor>
      <estado_ibge>33</estado_ibge>
      <ano>2008</ano>
    </entry>
    <entry>
      <valor>0</valor>
      <estado_ibge>35</estado_ibge>
      <ano>2008</ano>
    </entry>
    <entry>
      <valor>0</valor>
      <estado_ibge>41</estado_ibge>
      <ano>2008</ano>
    </entry>
    <entry>
      <valor>385240</valor>
      <estado_ibge>42</estado_ibge>
      <ano>2008</ano>
    </entry>
    <entry>
      <valor>3315079.32</valor>
      <estado_ibge>43</estado_ibge>
      <ano>2008</ano>
    </entry>
    <entry>
      <valor>0</valor>
      <estado_ibge>50</estado_ibge>
      <ano>2008</ano>
    </entry>
    <entry>
      <valor>0</valor>
      <estado_ibge>51</estado_ibge>
      <ano>2008</ano>
    </entry>
    <entry>
      <valor>0</valor>
      <estado_ibge>52</estado_ibge>
      <ano>2008</ano>
    </entry>
    <entry>
      <valor>0</valor>
      <estado_ibge>53</estado_ibge>
      <ano>2008</ano>
    </entry>
    <entry>
      <valor>0</valor>
      <estado_ibge>11</estado_ibge>
      <ano>2009</ano>
    </entry>
    <entry>
      <valor>0</valor>
      <estado_ibge>12</estado_ibge>
      <ano>2009</ano>
    </entry>
    <entry>
      <valor>166872.5</valor>
      <estado_ibge>13</estado_ibge>
      <ano>2009</ano>
    </entry>
    <entry>
      <valor>0</valor>
      <estado_ibge>14</estado_ibge>
      <ano>2009</ano>
    </entry>
    <entry>
      <valor>0</valor>
      <estado_ibge>15</estado_ibge>
      <ano>2009</ano>
    </entry>
    <entry>
      <valor>0</valor>
      <estado_ibge>16</estado_ibge>
      <ano>2009</ano>
    </entry>
    <entry>
      <valor>0</valor>
      <estado_ibge>17</estado_ibge>
      <ano>2009</ano>
    </entry>
    <entry>
      <valor>0</valor>
      <estado_ibge>21</estado_ibge>
      <ano>2009</ano>
    </entry>
    <entry>
      <valor>0</valor>
      <estado_ibge>22</estado_ibge>
      <ano>2009</ano>
    </entry>
    <entry>
      <valor>0</valor>
      <estado_ibge>23</estado_ibge>
      <ano>2009</ano>
    </entry>
    <entry>
      <valor>138499.57</valor>
      <estado_ibge>24</estado_ibge>
      <ano>2009</ano>
    </entry>
    <entry>
      <valor>100523.19</valor>
      <estado_ibge>25</estado_ibge>
      <ano>2009</ano>
    </entry>
    <entry>
      <valor>0</valor>
      <estado_ibge>26</estado_ibge>
      <ano>2009</ano>
    </entry>
    <entry>
      <valor>0</valor>
      <estado_ibge>27</estado_ibge>
      <ano>2009</ano>
    </entry>
    <entry>
      <valor>0</valor>
      <estado_ibge>28</estado_ibge>
      <ano>2009</ano>
    </entry>
    <entry>
      <valor>709960</valor>
      <estado_ibge>29</estado_ibge>
      <ano>2009</ano>
    </entry>
    <entry>
      <valor>0</valor>
      <estado_ibge>31</estado_ibge>
      <ano>2009</ano>
    </entry>
    <entry>
      <valor>211631</valor>
      <estado_ibge>32</estado_ibge>
      <ano>2009</ano>
    </entry>
    <entry>
      <valor>600000</valor>
      <estado_ibge>33</estado_ibge>
      <ano>2009</ano>
    </entry>
    <entry>
      <valor>0</valor>
      <estado_ibge>35</estado_ibge>
      <ano>2009</ano>
    </entry>
    <entry>
      <valor>4292440</valor>
      <estado_ibge>41</estado_ibge>
      <ano>2009</ano>
    </entry>
    <entry>
      <valor>340806.13</valor>
      <estado_ibge>42</estado_ibge>
      <ano>2009</ano>
    </entry>
    <entry>
      <valor>0</valor>
      <estado_ibge>43</estado_ibge>
      <ano>2009</ano>
    </entry>
    <entry>
      <valor>138813.7</valor>
      <estado_ibge>50</estado_ibge>
      <ano>2009</ano>
    </entry>
    <entry>
      <valor>0</valor>
      <estado_ibge>51</estado_ibge>
      <ano>2009</ano>
    </entry>
    <entry>
      <valor>0</valor>
      <estado_ibge>52</estado_ibge>
      <ano>2009</ano>
    </entry>
    <entry>
      <valor>0</valor>
      <estado_ibge>53</estado_ibge>
      <ano>2009</ano>
    </entry>
    <entry>
      <valor>40230</valor>
      <estado_ibge>23</estado_ibge>
      <ano>2010</ano>
    </entry>
    <entry>
      <valor>1925262.49</valor>
      <estado_ibge>32</estado_ibge>
      <ano>2010</ano>
    </entry>
    <entry>
      <valor>50000</valor>
      <estado_ibge>26</estado_ibge>
      <ano>2010</ano>
    </entry>
    <entry>
      <valor>248750</valor>
      <estado_ibge>24</estado_ibge>
      <ano>2011</ano>
    </entry>
    <entry>
      <valor>487185</valor>
      <estado_ibge>43</estado_ibge>
      <ano>2011</ano>
    </entry>
    <entry>
      <valor>1370215</valor>
      <estado_ibge>42</estado_ibge>
      <ano>2011</ano>
    </entry>
    <entry>
      <valor>2360000</valor>
      <estado_ibge>17</estado_ibge>
      <ano>2011</ano>
    </entry>
    <entry>
      <valor>6054405.86</valor>
      <estado_ibge>13</estado_ibge>
      <ano>2012</ano>
    </entry>
    <entry>
      <valor>4548401</valor>
      <estado_ibge>23</estado_ibge>
      <ano>2012</ano>
    </entry>
    <entry>
      <valor>2780000</valor>
      <estado_ibge>50</estado_ibge>
      <ano>2012</ano>
    </entry>
    <entry>
      <valor>1209585.56</valor>
      <estado_ibge>51</estado_ibge>
      <ano>2012</ano>
    </entry>
    <entry>
      <valor>312000</valor>
      <estado_ibge>22</estado_ibge>
      <ano>2012</ano>
    </entry>
    <entry>
      <valor>5056996.86</valor>
      <estado_ibge>17</estado_ibge>
      <ano>2012</ano>
    </entry>
    <entry>
      <valor>698761.3</valor>
      <estado_ibge>13</estado_ibge>
      <ano>2013</ano>
    </entry>
    <entry>
      <valor>80000</valor>
      <estado_ibge>29</estado_ibge>
      <ano>2013</ano>
    </entry>
    <entry>
      <valor>2109678.65</valor>
      <estado_ibge>32</estado_ibge>
      <ano>2013</ano>
    </entry>
    <entry>
      <valor>200000</valor>
      <estado_ibge>41</estado_ibge>
      <ano>2013</ano>
    </entry>
    <entry>
      <valor>859078.25</valor>
      <estado_ibge>42</estado_ibge>
      <ano>2013</ano>
    </entry>
    <entry>
      <valor>78600</valor>
      <estado_ibge>17</estado_ibge>
      <ano>2013</ano>
    </entry>
  </valores>
</result>
