{"url":"http:\/\/api.pgi.gov.br\/api\/1\/serie\/1073.json","id":1073,"nome":"Vlr repass descentr pesq pesca","nome_estendido":"Valor total repassado via descentraliza\u00e7\u00e3o or\u00e7ament\u00e1ria para projetos com algum componente de pesquisa na \u00e1rea de pesca e aquicultura","descricao":"Valor total repassado para projetos de pesca e aquicultura apoiados via descentraliza\u00e7\u00e3o or\u00e7ament\u00e1ria e que possuem algum componente de pesquisa (financiamento de pesquisa em si, estrutura\u00e7\u00e3o de laborat\u00f3rios, forma\u00e7\u00e3o de rhs, eventos cient\u00edficos...)","inicio":"2004","final":"2013","formatacao":"2","data_atualizacao":"2014-06-13 19:02:33.753838","aditividade":"1","url_origem":"http:\/\/www.mpa.gov.br\/","tempo_aditividade":"1","portal_dados_abertos":false,"disponibilizacao":{"disponibilizacao":"365 dias","dias":365},"estado":{"estado":"Em uso"},"fonte_gestora":{"url":"http:\/\/api.pgi.gov.br\/api\/1\/fonte\/195.json","id":195,"nome":"MPA\/GABMIN","descricao":"Gabinete do Ministro","tipo":"1","orgao_primeiro_escalao":{"nome":"MPA","descricao":"Minist\u00e9rio da Pesca e Aquicultura"}},"fonte_provedora":{"url":"http:\/\/api.pgi.gov.br\/api\/1\/fonte\/195.json","id":195,"nome":"MPA\/GABMIN","descricao":"Gabinete do Ministro","tipo":"1","orgao_primeiro_escalao":{"nome":"MPA","descricao":"Minist\u00e9rio da Pesca e Aquicultura"}},"grupo_informacao":{"url":"http:\/\/api.pgi.gov.br\/api\/1\/grupo\/287.json","id":287,"nome":"Pesquisa e tecnologia na pesca e aquicultura","palavras_chave":[]},"base_territorial":{"base_territorial":"Estadual"},"periodicidade":{"periodicidade":"Anual"},"multiplicador":{"id":1,"nome":""},"produto":{"nome":"Valor Repassado"},"publicacao":{"status_publicacao":"Dados Publicados"},"unidade_medida":{"url":"http:\/\/api.pgi.gov.br\/api\/1\/unidade\/3.json","id":3,"nome":"Real (R$)","unidade_medida":"R$"},"orgao_primeiro_escalao":{"nome":"MPA","descricao":"Minist\u00e9rio da Pesca e Aquicultura"},"valores":[{"valor":0,"estado_ibge":11,"ano":2004},{"valor":0,"estado_ibge":12,"ano":2004},{"valor":0,"estado_ibge":13,"ano":2004},{"valor":0,"estado_ibge":14,"ano":2004},{"valor":0,"estado_ibge":15,"ano":2004},{"valor":0,"estado_ibge":16,"ano":2004},{"valor":0,"estado_ibge":17,"ano":2004},{"valor":0,"estado_ibge":21,"ano":2004},{"valor":0,"estado_ibge":22,"ano":2004},{"valor":826465.99,"estado_ibge":23,"ano":2004},{"valor":0,"estado_ibge":24,"ano":2004},{"valor":0,"estado_ibge":25,"ano":2004},{"valor":0,"estado_ibge":26,"ano":2004},{"valor":0,"estado_ibge":27,"ano":2004},{"valor":0,"estado_ibge":28,"ano":2004},{"valor":0,"estado_ibge":29,"ano":2004},{"valor":0,"estado_ibge":31,"ano":2004},{"valor":0,"estado_ibge":32,"ano":2004},{"valor":0,"estado_ibge":33,"ano":2004},{"valor":0,"estado_ibge":35,"ano":2004},{"valor":0,"estado_ibge":41,"ano":2004},{"valor":0,"estado_ibge":42,"ano":2004},{"valor":0,"estado_ibge":43,"ano":2004},{"valor":261891.64,"estado_ibge":50,"ano":2004},{"valor":0,"estado_ibge":51,"ano":2004},{"valor":0,"estado_ibge":52,"ano":2004},{"valor":0,"estado_ibge":53,"ano":2004},{"valor":0,"estado_ibge":11,"ano":2006},{"valor":0,"estado_ibge":12,"ano":2006},{"valor":0,"estado_ibge":13,"ano":2006},{"valor":0,"estado_ibge":14,"ano":2006},{"valor":0,"estado_ibge":15,"ano":2006},{"valor":0,"estado_ibge":16,"ano":2006},{"valor":0,"estado_ibge":17,"ano":2006},{"valor":0,"estado_ibge":21,"ano":2006},{"valor":0,"estado_ibge":22,"ano":2006},{"valor":271034.49,"estado_ibge":23,"ano":2006},{"valor":290835.86,"estado_ibge":24,"ano":2006},{"valor":0,"estado_ibge":25,"ano":2006},{"valor":0,"estado_ibge":26,"ano":2006},{"valor":0,"estado_ibge":27,"ano":2006},{"valor":0,"estado_ibge":28,"ano":2006},{"valor":0,"estado_ibge":29,"ano":2006},{"valor":0,"estado_ibge":31,"ano":2006},{"valor":0,"estado_ibge":32,"ano":2006},{"valor":0,"estado_ibge":33,"ano":2006},{"valor":0,"estado_ibge":35,"ano":2006},{"valor":0,"estado_ibge":41,"ano":2006},{"valor":618699.92,"estado_ibge":42,"ano":2006},{"valor":296115.98,"estado_ibge":43,"ano":2006},{"valor":0,"estado_ibge":50,"ano":2006},{"valor":0,"estado_ibge":51,"ano":2006},{"valor":0,"estado_ibge":52,"ano":2006},{"valor":0,"estado_ibge":53,"ano":2006},{"valor":0,"estado_ibge":11,"ano":2007},{"valor":0,"estado_ibge":12,"ano":2007},{"valor":0,"estado_ibge":13,"ano":2007},{"valor":0,"estado_ibge":14,"ano":2007},{"valor":0,"estado_ibge":15,"ano":2007},{"valor":0,"estado_ibge":16,"ano":2007},{"valor":0,"estado_ibge":17,"ano":2007},{"valor":0,"estado_ibge":21,"ano":2007},{"valor":0,"estado_ibge":22,"ano":2007},{"valor":1477582.11,"estado_ibge":23,"ano":2007},{"valor":55000,"estado_ibge":24,"ano":2007},{"valor":0,"estado_ibge":25,"ano":2007},{"valor":0,"estado_ibge":26,"ano":2007},{"valor":33432.51,"estado_ibge":27,"ano":2007},{"valor":0,"estado_ibge":28,"ano":2007},{"valor":0,"estado_ibge":29,"ano":2007},{"valor":1340610,"estado_ibge":31,"ano":2007},{"valor":0,"estado_ibge":32,"ano":2007},{"valor":0,"estado_ibge":33,"ano":2007},{"valor":0,"estado_ibge":35,"ano":2007},{"valor":0,"estado_ibge":41,"ano":2007},{"valor":147007.48,"estado_ibge":42,"ano":2007},{"valor":0,"estado_ibge":43,"ano":2007},{"valor":0,"estado_ibge":50,"ano":2007},{"valor":0,"estado_ibge":51,"ano":2007},{"valor":0,"estado_ibge":52,"ano":2007},{"valor":0,"estado_ibge":53,"ano":2007},{"valor":350000,"estado_ibge":11,"ano":2008},{"valor":0,"estado_ibge":12,"ano":2008},{"valor":0,"estado_ibge":13,"ano":2008},{"valor":0,"estado_ibge":14,"ano":2008},{"valor":0,"estado_ibge":15,"ano":2008},{"valor":0,"estado_ibge":16,"ano":2008},{"valor":404967.26,"estado_ibge":17,"ano":2008},{"valor":0,"estado_ibge":21,"ano":2008},{"valor":0,"estado_ibge":22,"ano":2008},{"valor":157364.96,"estado_ibge":23,"ano":2008},{"valor":0,"estado_ibge":24,"ano":2008},{"valor":0,"estado_ibge":25,"ano":2008},{"valor":1082653.13,"estado_ibge":26,"ano":2008},{"valor":0,"estado_ibge":27,"ano":2008},{"valor":0,"estado_ibge":28,"ano":2008},{"valor":0,"estado_ibge":29,"ano":2008},{"valor":0,"estado_ibge":31,"ano":2008},{"valor":9663383,"estado_ibge":32,"ano":2008},{"valor":0,"estado_ibge":33,"ano":2008},{"valor":0,"estado_ibge":35,"ano":2008},{"valor":0,"estado_ibge":41,"ano":2008},{"valor":385240,"estado_ibge":42,"ano":2008},{"valor":3315079.32,"estado_ibge":43,"ano":2008},{"valor":0,"estado_ibge":50,"ano":2008},{"valor":0,"estado_ibge":51,"ano":2008},{"valor":0,"estado_ibge":52,"ano":2008},{"valor":0,"estado_ibge":53,"ano":2008},{"valor":0,"estado_ibge":11,"ano":2009},{"valor":0,"estado_ibge":12,"ano":2009},{"valor":166872.5,"estado_ibge":13,"ano":2009},{"valor":0,"estado_ibge":14,"ano":2009},{"valor":0,"estado_ibge":15,"ano":2009},{"valor":0,"estado_ibge":16,"ano":2009},{"valor":0,"estado_ibge":17,"ano":2009},{"valor":0,"estado_ibge":21,"ano":2009},{"valor":0,"estado_ibge":22,"ano":2009},{"valor":0,"estado_ibge":23,"ano":2009},{"valor":138499.57,"estado_ibge":24,"ano":2009},{"valor":100523.19,"estado_ibge":25,"ano":2009},{"valor":0,"estado_ibge":26,"ano":2009},{"valor":0,"estado_ibge":27,"ano":2009},{"valor":0,"estado_ibge":28,"ano":2009},{"valor":709960,"estado_ibge":29,"ano":2009},{"valor":0,"estado_ibge":31,"ano":2009},{"valor":211631,"estado_ibge":32,"ano":2009},{"valor":600000,"estado_ibge":33,"ano":2009},{"valor":0,"estado_ibge":35,"ano":2009},{"valor":4292440,"estado_ibge":41,"ano":2009},{"valor":340806.13,"estado_ibge":42,"ano":2009},{"valor":0,"estado_ibge":43,"ano":2009},{"valor":138813.7,"estado_ibge":50,"ano":2009},{"valor":0,"estado_ibge":51,"ano":2009},{"valor":0,"estado_ibge":52,"ano":2009},{"valor":0,"estado_ibge":53,"ano":2009},{"valor":40230,"estado_ibge":23,"ano":2010},{"valor":1925262.49,"estado_ibge":32,"ano":2010},{"valor":50000,"estado_ibge":26,"ano":2010},{"valor":248750,"estado_ibge":24,"ano":2011},{"valor":487185,"estado_ibge":43,"ano":2011},{"valor":1370215,"estado_ibge":42,"ano":2011},{"valor":2360000,"estado_ibge":17,"ano":2011},{"valor":6054405.86,"estado_ibge":13,"ano":2012},{"valor":4548401,"estado_ibge":23,"ano":2012},{"valor":2780000,"estado_ibge":50,"ano":2012},{"valor":1209585.56,"estado_ibge":51,"ano":2012},{"valor":312000,"estado_ibge":22,"ano":2012},{"valor":5056996.86,"estado_ibge":17,"ano":2012},{"valor":698761.3,"estado_ibge":13,"ano":2013},{"valor":80000,"estado_ibge":29,"ano":2013},{"valor":2109678.65,"estado_ibge":32,"ano":2013},{"valor":200000,"estado_ibge":41,"ano":2013},{"valor":859078.25,"estado_ibge":42,"ano":2013},{"valor":78600,"estado_ibge":17,"ano":2013}]}