{"url":"http:\/\/api.pgi.gov.br\/api\/1\/serie\/2030.json","id":2030,"nome":"Projetos ATEPA apoiados","nome_estendido":"N\u00famero de projetos apoiados no setor de pesca e aquicultura envolvendo incuba\u00e7\u00e3o\/associativismo\/assist\u00eancia t\u00e9cnica\/capacita\u00e7\u00e3o","descricao":"N\u00famero de projetos apoiados no setor de pesca e aquicultura envolvendo incuba\u00e7\u00e3o, associativismo, assist\u00eancia t\u00e9cnica e capacita\u00e7\u00e3o","inicio":"2004","final":"2013","formatacao":"0","data_atualizacao":"2014-06-13 19:01:03.263879","aditividade":"1","url_origem":"http:\/\/www.mpa.gov.br\/","tempo_aditividade":"0","portal_dados_abertos":false,"disponibilizacao":{"disponibilizacao":"365 dias","dias":365},"estado":{"estado":"Em uso"},"fonte_gestora":{"url":"http:\/\/api.pgi.gov.br\/api\/1\/fonte\/195.json","id":195,"nome":"MPA\/GABMIN","descricao":"Gabinete do Ministro","tipo":"1","orgao_primeiro_escalao":{"nome":"MPA","descricao":"Minist\u00e9rio da Pesca e Aquicultura"}},"fonte_provedora":{"url":"http:\/\/api.pgi.gov.br\/api\/1\/fonte\/195.json","id":195,"nome":"MPA\/GABMIN","descricao":"Gabinete do Ministro","tipo":"1","orgao_primeiro_escalao":{"nome":"MPA","descricao":"Minist\u00e9rio da Pesca e Aquicultura"}},"grupo_informacao":{"url":"http:\/\/api.pgi.gov.br\/api\/1\/grupo\/498.json","id":498,"nome":"Pesca e aquicultura - capacita\u00e7\u00e3o e incuba\u00e7\u00e3o","palavras_chave":[]},"base_territorial":{"base_territorial":"Estadual"},"periodicidade":{"periodicidade":"Anual"},"multiplicador":{"id":1,"nome":""},"produto":{"nome":"Quantidade","descricao":""},"publicacao":{"status_publicacao":"Dados Publicados"},"unidade_medida":{"url":"http:\/\/api.pgi.gov.br\/api\/1\/unidade\/4.json","id":4,"nome":"Unidade","unidade_medida":"Un"},"orgao_primeiro_escalao":{"nome":"MPA","descricao":"Minist\u00e9rio da Pesca e Aquicultura"},"valores":[{"valor":1,"estado_ibge":21,"ano":2004},{"valor":1,"estado_ibge":23,"ano":2004},{"valor":3,"estado_ibge":26,"ano":2004},{"valor":1,"estado_ibge":29,"ano":2004},{"valor":1,"estado_ibge":31,"ano":2004},{"valor":1,"estado_ibge":32,"ano":2004},{"valor":4,"estado_ibge":35,"ano":2004},{"valor":2,"estado_ibge":41,"ano":2004},{"valor":9,"estado_ibge":42,"ano":2004},{"valor":3,"estado_ibge":43,"ano":2004},{"valor":1,"estado_ibge":50,"ano":2004},{"valor":1,"estado_ibge":52,"ano":2004},{"valor":3,"estado_ibge":53,"ano":2004},{"valor":1,"estado_ibge":13,"ano":2005},{"valor":1,"estado_ibge":14,"ano":2005},{"valor":2,"estado_ibge":21,"ano":2005},{"valor":1,"estado_ibge":25,"ano":2005},{"valor":1,"estado_ibge":33,"ano":2005},{"valor":2,"estado_ibge":35,"ano":2005},{"valor":1,"estado_ibge":41,"ano":2005},{"valor":3,"estado_ibge":42,"ano":2005},{"valor":2,"estado_ibge":43,"ano":2005},{"valor":1,"estado_ibge":50,"ano":2005},{"valor":1,"estado_ibge":53,"ano":2005},{"valor":1,"estado_ibge":21,"ano":2006},{"valor":2,"estado_ibge":23,"ano":2006},{"valor":1,"estado_ibge":29,"ano":2006},{"valor":1,"estado_ibge":32,"ano":2006},{"valor":1,"estado_ibge":35,"ano":2006},{"valor":1,"estado_ibge":41,"ano":2006},{"valor":3,"estado_ibge":42,"ano":2006},{"valor":1,"estado_ibge":43,"ano":2006},{"valor":2,"estado_ibge":53,"ano":2006},{"valor":1,"estado_ibge":13,"ano":2007},{"valor":1,"estado_ibge":16,"ano":2007},{"valor":1,"estado_ibge":23,"ano":2007},{"valor":2,"estado_ibge":42,"ano":2007},{"valor":4,"estado_ibge":43,"ano":2007},{"valor":1,"estado_ibge":53,"ano":2007},{"valor":1,"estado_ibge":12,"ano":2008},{"valor":2,"estado_ibge":24,"ano":2008},{"valor":1,"estado_ibge":26,"ano":2008},{"valor":2,"estado_ibge":29,"ano":2008},{"valor":1,"estado_ibge":33,"ano":2008},{"valor":5,"estado_ibge":42,"ano":2008},{"valor":2,"estado_ibge":43,"ano":2008},{"valor":2,"estado_ibge":51,"ano":2008},{"valor":1,"estado_ibge":53,"ano":2008},{"valor":2,"estado_ibge":13,"ano":2009},{"valor":1,"estado_ibge":14,"ano":2009},{"valor":3,"estado_ibge":15,"ano":2009},{"valor":1,"estado_ibge":17,"ano":2009},{"valor":6,"estado_ibge":23,"ano":2009},{"valor":4,"estado_ibge":24,"ano":2009},{"valor":1,"estado_ibge":25,"ano":2009},{"valor":2,"estado_ibge":26,"ano":2009},{"valor":1,"estado_ibge":29,"ano":2009},{"valor":1,"estado_ibge":31,"ano":2009},{"valor":1,"estado_ibge":32,"ano":2009},{"valor":1,"estado_ibge":33,"ano":2009},{"valor":1,"estado_ibge":35,"ano":2009},{"valor":4,"estado_ibge":43,"ano":2009},{"valor":1,"estado_ibge":51,"ano":2009},{"valor":1,"estado_ibge":53,"ano":2009},{"valor":1,"estado_ibge":26,"ano":2010},{"valor":2,"estado_ibge":41,"ano":2010},{"valor":4,"estado_ibge":43,"ano":2010},{"valor":4,"estado_ibge":42,"ano":2010},{"valor":3,"estado_ibge":29,"ano":2010},{"valor":2,"estado_ibge":23,"ano":2010},{"valor":1,"estado_ibge":52,"ano":2010},{"valor":1,"estado_ibge":50,"ano":2010},{"valor":1,"estado_ibge":15,"ano":2010},{"valor":1,"estado_ibge":33,"ano":2010},{"valor":1,"estado_ibge":24,"ano":2010},{"valor":1,"estado_ibge":35,"ano":2010},{"valor":1,"estado_ibge":29,"ano":2011},{"valor":1,"estado_ibge":23,"ano":2011},{"valor":1,"estado_ibge":25,"ano":2011},{"valor":1,"estado_ibge":24,"ano":2011},{"valor":1,"estado_ibge":43,"ano":2011},{"valor":1,"estado_ibge":17,"ano":2011},{"valor":1,"estado_ibge":13,"ano":2012},{"valor":1,"estado_ibge":29,"ano":2012},{"valor":1,"estado_ibge":23,"ano":2012},{"valor":1,"estado_ibge":53,"ano":2012},{"valor":1,"estado_ibge":32,"ano":2012},{"valor":1,"estado_ibge":52,"ano":2012},{"valor":2,"estado_ibge":50,"ano":2012},{"valor":1,"estado_ibge":15,"ano":2012},{"valor":2,"estado_ibge":26,"ano":2012},{"valor":1,"estado_ibge":22,"ano":2012},{"valor":1,"estado_ibge":11,"ano":2012},{"valor":1,"estado_ibge":14,"ano":2012},{"valor":2,"estado_ibge":43,"ano":2012},{"valor":2,"estado_ibge":42,"ano":2012},{"valor":2,"estado_ibge":13,"ano":2013},{"valor":2,"estado_ibge":29,"ano":2013},{"valor":1,"estado_ibge":23,"ano":2013},{"valor":1,"estado_ibge":32,"ano":2013},{"valor":2,"estado_ibge":52,"ano":2013},{"valor":1,"estado_ibge":31,"ano":2013},{"valor":1,"estado_ibge":51,"ano":2013},{"valor":1,"estado_ibge":26,"ano":2013},{"valor":3,"estado_ibge":22,"ano":2013},{"valor":1,"estado_ibge":24,"ano":2013},{"valor":1,"estado_ibge":11,"ano":2013},{"valor":3,"estado_ibge":42,"ano":2013},{"valor":1,"estado_ibge":28,"ano":2013},{"valor":1,"estado_ibge":17,"ano":2013}]}